Data,Investido,TIpo,Quem investiu,Valor,,,,,,,,,,,,,,,,,,,,
12/01/2015,Cabe na mala,raised funds from,Abril Plug and Play,"BRL 140,00",,,,,,,,,,,,,,,,,,,,
13/01/2015,Fleety,raised funds from,Abril Plug and Play,"BRL 140,01",,,,,,,,,,,,,,,,,,,,
14/01/2015,Lotebox,raised funds from,Abril Plug and Play,"BRL 140,02",,,,,,,,,,,,,,,,,,,,
15/01/2015,Nutrisoft,raised funds from,Abril Plug and Play,"BRL 140,03",,,,,,,,,,,,,,,,,,,,
,,,,,,,,,,,,,,,,,,,,,,,,
01/01/2015,GPS Conecta,merged with,- Safebus,,01/01/2015,GPS Conecta,merged with,- Safebus,,01/01/2015,GPS Conecta,merged with,- Safebus,,01/01/2015,GPS Conecta,merged with,- Safebus,,01/01/2015,GPS Conecta,merged with,- Safebus,
01/01/2015,ZeroPaper,was acquired by,- Intuit,,01/01/2015,ZeroPaper,was acquired by,- Intuit,,01/01/2015,ZeroPaper,was acquired by,- Intuit,,01/01/2015,ZeroPaper,was acquired by,- Intuit,,01/01/2015,ZeroPaper,was acquired by,- Intuit,
01/01/2015,Linte,raised funds from,- 500 Startups,USD,01/01/2015,Linte,raised funds from,- 500 Startups,USD,01/01/2015,Linte,raised funds from,- 500 Startups,USD,01/01/2015,Linte,raised funds from,- 500 Startups,USD,01/01/2015,Linte,raised funds from,- 500 Startups,USD
01/01/2015,Superbank,was acquired by,- Banco Santander,,01/01/2015,Superbank,was acquired by,- Banco Santander,,01/01/2015,Superbank,was acquired by,- Banco Santander,,01/01/2015,Superbank,was acquired by,- Banco Santander,,01/01/2015,Superbank,was acquired by,- Banco Santander,
01/01/2015,Primordia,was acquired by,- Vtex,,01/01/2015,Primordia,was acquired by,- Vtex,,01/01/2015,Primordia,was acquired by,- Vtex,,01/01/2015,Primordia,was acquired by,- Vtex,,01/01/2015,Primordia,was acquired by,- Vtex,
01/01/2015,Reclamao.com,raised funds from,"- Grow Ventures
   - C2i",,01/01/2015,Reclamao.com,raised funds from,"- Grow Ventures
   - C2i",,01/01/2015,Reclamao.com,raised funds from,"- Grow Ventures
   - C2i",,01/01/2015,Reclamao.com,raised funds from,"- Grow Ventures
   - C2i",,01/01/2015,Reclamao.com,raised funds from,"- Grow Ventures
   - C2i",
01/01/2015,VMotors,was acquired by,- Webmotors,,01/01/2015,VMotors,was acquired by,- Webmotors,,01/01/2015,VMotors,was acquired by,- Webmotors,,01/01/2015,VMotors,was acquired by,- Webmotors,,01/01/2015,VMotors,was acquired by,- Webmotors,
,,,,,,,,,,,,,,,,,,,,,,,,
,,,,,,,,,,,,,,,,,,,,,,,,
01/12/2014,Worldpackers,raised funds from,- IndicatorCapital,"BRL 2,000,000",,,,,,,,,,,,,,,,,,,,
01/12/2014,Satellogic,raised funds from,- NXTP Labs,"USD 350,000",,,,,,,,,,,,,,,,,,,,
20/11/2014,Conductor,was acquired by,Riverwood,ND,,http://convergecom.com.br/tiinside/webinside/estrategia/19/11/2014/riverwood-capital-adquire-empresa-de-meios-de-pagamento-conductor/,,,,,,,,,,,,,,,,,,
01/11/2014,Elo7,raised funds from,"- Monashees Capital
   - Insight Venture Partners
   - Accel Partners","USD 11,000,000",,,,,,,,,,,,,,,,,,,,
01/11/2014,Likeeds,raised funds from,- NXTP Labs,"USD 25,000",,,,,,,,,,,,,,,,,,,,
01/11/2014,Rock N' Roll Game Studio,raised funds from,- NXTP Labs,"USD 25,000",,,,,,,,,,,,,,,,,,,,
01/11/2014,Hazel Mail,raised funds from,- NXTP Labs,"USD 25,000",,,,,,,,,,,,,,,,,,,,
01/11/2014,Viflux,raised funds from,- NXTP Labs,"USD 25,000",,,,,,,,,,,,,,,,,,,,
01/11/2014,Flipaste,raised funds from,- NXTP Labs,"USD 25,000",,,,,,,,,,,,,,,,,,,,
01/11/2014,OM Latam,raised funds from,- NXTP Labs,"USD 25,000",,,,,,,,,,,,,,,,,,,,
01/11/2014,Alma Shopping,raised funds from,- NXTP Labs,"USD 60,000",,,,,,,,,,,,,,,,,,,,
01/11/2014,Love Mondays,raised funds from,- Kaszek Ventures,,,,,,,,,,,,,,,,,,,,,
27/10/2014,Papa Rango,was acquired by,iFood,,,,,,,,,,,,,,,,,,,,,
27/10/2014,Alakarte,was acquired by,iFood,,,,,,,,,,,,,,,,,,,,,
01/10/2014,Viva Real,raised funds from,"- LeadEdge Capital
   - Spark Capital","USD 41,300,000",,http://techcrunch.com/2014/11/24/real-estate-joins-brazils-big-startup-industries/,,,,,,,,,,,,,,,,,,
01/10/2014,Profes,raised funds from,- Grid Investments,,,,,,,,,,,,,,,,,,,,,
01/10/2014,"3,30E+35",raised funds from,- João Kepler Braga,"BRL 300,000",,,,,,,,,,,,,,,,,,,,
01/10/2014,CinePapaya,raised funds from,- Movile,"USD 2,000,000",,,,,,,,,,,,,,,,,,,,
01/10/2014,Pagar.me,raised funds from,"- ArpexCapital
   - Grid Investments","BRL 1,000,000",,,,,,,,,,,,,,,,,,,,
01/10/2014,Strider,raised funds from,- Barn Invest,"BRL 5,000,000",,,,,,,,,,,,,,,,,,,,
01/10/2014,Maplink,raised funds from,- Movile,"BRL 36,000,000",,,,,,,,,,,,,,,,,,,,
01/10/2014,Big Sistemas,was acquired by,- Linx,"BRL 38,700,000",,,,,,,,,,,,,,,,,,,,
01/10/2014,Peixe Urbano,was acquired by,- Baidu,,,,,,,,,,,,,,,,,,,,,
01/10/2014,Properati,raised funds from,"- NXTP Labs
   - NEVEQ II","USD 2,000,000",,,,,,,,,,,,,,,,,,,,
01/10/2014,Trampos,raised funds from,- Evolution,,,,,,,,,,,,,,,,,,,,,
01/10/2014,Printi,was acquired by,- Vistaprint,,,,,,,,,,,,,,,,,,,,,
01/10/2014,Sythex,was acquired by,- Senior Solution,,,,,,,,,,,,,,,,,,,,,
17/09/2014,RestauranteWeb,was acquired by,iFood,,,,,,,,,,,,,,,,,,,,,
01/09/2014,Nubank,raised funds from,"- Kaszek Ventures
   - Sequoia Capital
   - Berggruen Holdings","USD 13,800,000",,,,,,,,,,,,,,,,,,,,
01/09/2014,LBS Local,raised funds from,- Movile,"BRL 36,000,000",,,,,,,,,,,,,,,,,,,,
01/09/2014,Precifica,raised funds from,- Hi Partners,"BRL 3,000,000",,,,,,,,,,,,,,,,,,,,
01/09/2014,TrustSign,was acquired by,- SiteBlindado,,,,,,,,,,,,,,,,,,,,,
01/09/2014,Entire TP,was acquired by,- Interplayers,,,,,,,,,,,,,,,,,,,,,
01/09/2014,Loggi,raised funds from,"- Monashees Capital
   - Qualcomm Ventures","BRL 10,000,000",,,,,,,,,,,,,,,,,,,,
01/09/2014,BancodeJogos,raised funds from,,"USD 10,000,000",,,,,,,,,,,,,,,,,,,,
01/09/2014,Empowered Company Strategy,was acquired by,- Interplayers,,,,,,,,,,,,,,,,,,,,,
01/09/2014,Entrega Delivery,was acquired by,- HelloFood Brasil,,,,,,,,,,,,,,,,,,,,,
01/09/2014,NZN,raised funds from,- H.I.G. Capital,,,,,,,,,,,,,,,,,,,,,
01/09/2014,WImoveis,was acquired by,- Imovelweb,,,,,,,,,,,,,,,,,,,,,
01/09/2014,maxiPago!,was acquired by,- Rede,,,,,,,,,,,,,,,,,,,,,
01/09/2014,Emprego Ligado,raised funds from,"- e.Bricks Digital
   - Monashees Capital
   - Qualcomm Ventures","USD 7,000,000",,,,,,,,,,,,,,,,,,,,
01/08/2014,iFood,was acquired by,- Movile,,,,,,,,,,,,,,,,,,,,,
01/08/2014,Itaro,raised funds from,"- Astella
   - Simile Venture Partners
   - IG Angels
   - TA Ventures
   - Variv Capital",,,,,,,,,,,,,,,,,,,,,
01/08/2014,Workana,raised funds from,"- DMGT
   - NXTP Labs","USD 500,000",,,,,,,,,,,,,,,,,,,,
01/08/2014,ClickBus,raised funds from,"- Rocket Internet
   - Holtzbrinck
   - LIH
   - Tengelmann Group","USD 10,000,000",,,,,,,,,,,,,,,,,,,,
01/08/2014,Nibo,raised funds from,"- Redpoint eVentures
   - Valor Capital",,,,,,,,,,,,,,,,,,,,,
01/08/2014,Edools,was acquired by,- SambaTech,,,,,,,,,,,,,,,,,,,,,
01/08/2014,99 Motos,was acquired by,- incube,"BRL 3,000,000",,,,,,,,,,,,,,,,,,,,
01/08/2014,Mailee,was acquired by,- Rede Host,,,,,,,,,,,,,,,,,,,,,
01/08/2014,Dino,raised funds from,"- Silvio Genesini
   - Antonio de Athayde","BRL 400,000",,,,,,,,,,,,,,,,,,,,
01/08/2014,SitePX,raised funds from,- Sul! Internet,"BRL 3,000,000",,,,,,,,,,,,,,,,,,,,
01/08/2014,Movile,raised funds from,"- Innova Capital
   - Finep","USD 55,000,000",,,,,,,,,,,,,,,,,,,,
01/08/2014,00k,raised funds from,MercadoLibre,,,,,,,,,,,,,,,,,,,,,
01/08/2014,AirCRM,raised funds from,MercadoLibre,,,,,,,,,,,,,,,,,,,,,
01/08/2014,intoo,raised funds from,MercadoLibre,,,,,,,,,,,,,,,,,,,,,
01/08/2014,InfoSolution,was acquired by,BRQ,,,,,,,,,,,,,,,,,,,,,
01/07/2014,Tipit,was acquired by,Netshow.me,,,,,,,,,,,,,,,,,,,,,
01/07/2014,Torcedores.com,raised funds from,Pedro Navio Bryan Johnson Craig Earnshaw,,,,,,,,,,,,,,,,,,,,,
01/07/2014,Easy Taxi,raised funds from,Phenomen Ventures Tengelmann Group,"USD 40,000,000",,,,,,,,,,,,,,,,,,,,
01/07/2014,Alog,was acquired by,Equinix,"USD 225,000,000",,,,,,,,,,,,,,,,,,,,
01/07/2014,Blumpa,raised funds from,NH Investimentos,,,,,,,,,,,,,,,,,,,,,
01/07/2014,Baby.com.br,was acquired by,BebêStore,,,,,,,,,,,,,,,,,,,,,
01/06/2014,Superplayer,raised funds from,"- 21212
   - Movile","BRL 1,150,000",,,,,,,,,,,,,,,,,,,,
01/06/2014,Ingresse,raised funds from,"- e.Bricks Digital
   - DGF Investimentos
   - Qualcomm Ventures","BRL 10,000,000",,,,,,,,,,,,,,,,,,,,
01/06/2014,Piggme,raised funds from,- Haya Investimentos,"BRL 3,200,000",,,,,,,,,,,,,,,,,,,,
01/06/2014,E2E,raised funds from,- A5 Investimentos,"BRL 5,000,000",,,,,,,,,,,,,,,,,,,,
01/06/2014,Netshow.me,raised funds from,"- Rodrigo Borges
   - Antônio Henrique Prado",ND,,,,,,,,,,,,,,,,,,,,
01/06/2014,Gestor,was acquired by,- Rede Cigam,"BRL 8,000,000",,,,,,,,,,,,,,,,,,,,
01/06/2014,Adtrade,was acquired by,- ESV Digital Brasil,ND,,,,,,,,,,,,,,,,,,,,
01/05/2014,4Good,raised funds from,- A5 Investimentos,"BRL 3,500,000",,,,,,,,,,,,,,,,,,,,
01/05/2014,Evino,raised funds from,,"BRL 7,000,000",,,,,,,,,,,,,,,,,,,,
01/05/2014,Guiabolso,raised funds from,"- Kaszek Ventures
   - Valor Capital
   - e.Bricks Digital
   - Gabriel Jaramillo","USD 3,000,000",,,,,,,,,,,,,,,,,,,,
01/05/2014,Aquiris Game Studio,raised funds from,- CRP Companhia de Participações,ND,,,,,,,,,,,,,,,,,,,,
01/05/2014,SensorWeb,raised funds from,- Fanem,ND,,,,,,,,,,,,,,,,,,,,
01/05/2014,Datastorm,raised funds from,- Stefanini,ND,,,,,,,,,,,,,,,,,,,,
01/05/2014,iMusica,was acquired by,- Claro,"BRL 49,100,000",,,,,,,,,,,,,,,,,,,,
01/05/2014,Rezende Sistemas,was acquired by,- Linx,"BRL 49,900,000",,,,,,,,,,,,,,,,,,,,
01/05/2014,Virtual Age,was acquired by,- Totvs,"BRL 75,000,000",,,,,,,,,,,,,,,,,,,,
01/04/2014,Bidu,raised funds from,"- Monashees Capital
   - Otto Capital
   - Amadeus Capital
   - Bertelsmann","BRL 20,000,000",,,,,,,,,,,,,,,,,,,,
01/04/2014,Intelipost,raised funds from,- Project-A Ventures,"BRL 800,000",,,,,,,,,,,,,,,,,,,,
01/03/2014,Vindi,raised funds from,,"BRL 1,000,000",,,,,,,,,,,,,,,,,,,,
01/03/2014,OndaLocal,raised funds from,"- Bolt Ventures
   - Rigi Ventures","BRL 1,600,000",,,,,,,,,,,,,,,,,,,,
01/03/2014,BebêStore,raised funds from,"- Atomico
   - W7 Brazil Capital","BRL 30,000,000",,,,,,,,,,,,,,,,,,,,
01/03/2014,Compreauto,was acquired by,- Webmotors,ND,,,,,,,,,,,,,,,,,,,,
01/03/2014,Comprova.com,was acquired by,- Docusign,ND,,,,,,,,,,,,,,,,,,,,
01/02/2014,Pethub,raised funds from,- Altivia Ventures,"BRL 200,000",,,,,,,,,,,,,,,,,,,,
01/02/2014,EscolherSeguro,raised funds from,- Warehouse Investimentos,"BRL 3,000,000",,,,,,,,,,,,,,,,,,,,
01/02/2014,iFood,raised funds from,- Movile,"BRL 5,000,000",,,,,,,,,,,,,,,,,,,,
01/02/2014,Qranio,raised funds from,- Gui Afonso,"BRL 600,000",,,,,,,,,,,,,,,,,,,,
01/02/2014,Viva Real,raised funds from,- Dragoneer Investment Group,"USD 13,000,000",,,,,,,,,,,,,,,,,,,,
01/02/2014,Descomplica,raised funds from,"- 500 Startups
   - Valor Capital
   - Valar Ventures
   - El Area
   - Social+Capital Partnership
   - Lee Jacobs","USD 5,000,000",,,,,,,,,,,,,,,,,,,,
01/02/2014,Union Softwares,was acquired by,- Imovelweb,ND,,,,,,,,,,,,,,,,,,,,
01/01/2014,Domínio Sistemas,was acquired by,- Thomson Reuters,ND,,,,,,,,,,,,,,,,,,,,
01/01/2014,Central do Delivery,was acquired by,- iFood,ND,,,,,,,,,,,,,,,,,,,,
01/12/2013,Voopter,raised funds from,- European Founders Fund,"USD 1,200,000",,,,,,,,,,,,,,,,,,,,
01/12/2013,PSafe,raised funds from,"- Redpoint eVentures
   - Qihoo 360","USD 30,000,000",,,,,,,,,,,,,,,,,,,,
01/12/2013,Mandic,raised funds from,- Intel Capital,ND,,,,,,,,,,,,,,,,,,,,
01/12/2013,Pagar.me,raised funds from,- Grid Investments,ND,,,,,,,,,,,,,,,,,,,,
01/12/2013,Asyst International,was acquired by,- Algar Telecom,"BRL 103,000,000",,,,,,,,,,,,,,,,,,,,
01/12/2013,Ciashop,was acquired by,- Totvs,"BRL 16,400,000",,,,,,,,,,,,,,,,,,,,
01/12/2013,MSTech,was acquired by,- Abril Educação,"BRL 25,000,000",,,,,,,,,,,,,,,,,,,,
01/12/2013,RealISO,was acquired by,- Daryus,"BRL 5,000,000",,,,,,,,,,,,,,,,,,,,
01/12/2013,Imóvel do Proprietário,was acquired by,- Properati,ND,,,,,,,,,,,,,,,,,,,,
01/11/2013,Playground,raised funds from,- Grid Investments,"BRL 1,000,000",,,,,,,,,,,,,,,,,,,,
01/11/2013,Loggi,raised funds from,"- Kees Koolen
   - Nicolas Gautier","BRL 2,000,000",,,,,,,,,,,,,,,,,,,,
01/11/2013,Wiki4Fit,raised funds from,- Opus Software,ND,,,,,,,,,,,,,,,,,,,,
01/11/2013,CargoBR,raised funds from,,ND,,,,,,,,,,,,,,,,,,,,
01/11/2013,Meu Espelho,was acquired by,- Abril Participações,ND,,,,,,,,,,,,,,,,,,,,
01/10/2013,Veduca,raised funds from,"- 500 Startups
   - Macmillan Digital Education
   - Mountain do Brasil","BRL 1,100,000",,,,,,,,,,,,,,,,,,,,
01/10/2013,Easy Taxi,raised funds from,"- Rocket Internet
   - iMena","BRL 15,000,000",,,,,,,,,,,,,,,,,,,,
01/10/2013,Ecosynth,raised funds from,- Inseed,"BRL 3,000,000",,,,,,,,,,,,,,,,,,,,
01/10/2013,Izzui,raised funds from,,"BRL 3,000,000",,,,,,,,,,,,,,,,,,,,
01/10/2013,FormaFina,raised funds from,"- 500 Startups
   - Redpoint eVentures
   - El Paso Advisors
   - IG Angels
   - Start Capital
   - Plug and Play","BRL 3,000,000",,,,,,,,,,,,,,,,,,,,
01/10/2013,CachorroGato,raised funds from,,"BRL 400,000",,,,,,,,,,,,,,,,,,,,
01/10/2013,Resultados Digitais,raised funds from,- DGF Investimentos,ND,,,,,,,,,,,,,,,,,,,,
01/10/2013,ContaAzul,raised funds from,"- Monashees Capital
   - Ribbit Capital
   - Valar Ventures
   - Napkn Ventures",ND,,,,,,,,,,,,,,,,,,,,
01/10/2013,Izzui,raised funds from,- Confrapar,,,,,,,,,,,,,,,,,,,,,
01/09/2013,Dress & Go,raised funds from,- A5 Investimentos,"BRL 1,000,000",,,,,,,,,,,,,,,,,,,,
01/09/2013,Vitrina,raised funds from,- Christian Ribeiro,"BRL 1,000,000",,,,,,,,,,,,,,,,,,,,
01/09/2013,PagCom,raised funds from,,"BRL 2,000,000",,,,,,,,,,,,,,,,,,,,
01/09/2013,ComparaOnline.com,raised funds from,"- Kaszek Ventures
   - Ribbit Capital
   - Endeavor Catalyst
   - Rise Capital","BRL 27,000,000",,,,,,,,,,,,,,,,,,,,
01/09/2013,Evino,raised funds from,- Project-A Ventures,"BRL 3,000,000",,,,,,,,,,,,,,,,,,,,
01/09/2013,ViaConvo,raised funds from,,"BRL 800,000",,,,,,,,,,,,,,,,,,,,
01/09/2013,Enjoei,raised funds from,- Monashees Capital,"USD 2,970,800",,,,,,,,,,,,,,,,,,,,
01/09/2013,Hotel Urbano,raised funds from,- Insight Venture Partners,"USD 20,000,000",,,,,,,,,,,,,,,,,,,,
01/08/2013,Adtrade,raised funds from,- Project-A Ventures,"BRL 1,000,000",,,,,,,,,,,,,,,,,,,,
01/08/2013,ClickBus,raised funds from,"- Rocket Internet
   - LIH","BRL 5,000,000",,,,,,,,,,,,,,,,,,,,
01/08/2013,MegaMenu,was acquired by,- HelloFood Brasil,,,,,,,,,,,,,,,,,,,,,
01/07/2013,Sonoma,raised funds from,- 500 Startups,"BRL 1,000,000",,,,,,,,,,,,,,,,,,,,
01/07/2013,Easy Food,raised funds from,- Confrapar,"BRL 2,300,000",,,,,,,,,,,,,,,,,,,,
01/07/2013,Sontra,raised funds from,"- NXTP Labs
   - Mola
   - DHL","BRL 700,000",,,,,,,,,,,,,,,,,,,,
01/07/2013,ZeroPaper,raised funds from,- Totvs Ventures,ND,,,,,,,,,,,,,,,,,,,,
01/07/2013,Oxibiz,was acquired by,- Web Invest Group,"BRL 1,200,000",,,,,,,,,,,,,,,,,,,,
01/07/2013,Opus Software,was acquired by,- Linx,"BRL 9,000,000",,,,,,,,,,,,,,,,,,,,
01/07/2013,All In Mail,was acquired by,- Locaweb,ND,,,,,,,,,,,,,,,,,,,,
01/07/2013,Medicinia,raised funds from,NH Investimentos,ND,,,,,,,,,,,,,,,,,,,,
01/06/2013,Easy Taxi,raised funds from,- LIH,"USD 15,000,000",,,,,,,,,,,,,,,,,,,,
01/06/2013,Olook,raised funds from,- Monashees Capital,"USD 3,913,231",,,,,,,,,,,,,,,,,,,,
01/05/2013,Pinion,raised funds from,"- Joá Investimentos
   - Marcelo Loureiro","BRL 1,200,000",,,,,,,,,,,,,,,,,,,,
01/05/2013,Nuvem Shop,raised funds from,- Trinidade Investimentos,"BRL 2,000,000",,,,,,,,,,,,,,,,,,,,
01/05/2013,b-datum,raised funds from,- Haya Investimentos,"BRL 2,800,000",,,,,,,,,,,,,,,,,,,,
01/05/2013,Starline,raised funds from,,"BRL 3,000,000",,,,,,,,,,,,,,,,,,,,
01/05/2013,Open English,raised funds from,"- Insight Venture Partners
   - Technology Crossover Ventures
   - Redpoint Ventures","USD 65,000,000",,,,,,,,,,,,,,,,,,,,
01/05/2013,Ilusis Interactive Graphics,raised funds from,- Confrapar,ND,,,,,,,,,,,,,,,,,,,,
01/05/2013,Juv&You,raised funds from,- e.Bricks Digital,ND,,,,,,,,,,,,,,,,,,,,
01/05/2013,Runrun.it,raised funds from,"- 500 Startups
   - Monashees Capital",ND,,,,,,,,,,,,,,,,,,,,
01/05/2013,EduK,raised funds from,- Monashees Capital,ND,,,,,,,,,,,,,,,,,,,,
01/05/2013,Rock Content,raised funds from,- Abril Participações,ND,,,,,,,,,,,,,,,,,,,,
01/05/2013,WPensar,raised funds from,- Vox Capital,ND,,,,,,,,,,,,,,,,,,,,
01/05/2013,Have a Nice Beer,was acquired by,- Wine,ND,,,,,,,,,,,,,,,,,,,,
01/05/2013,Xeriph,was acquired by,- Abril Participações,ND,,,,,,,,,,,,,,,,,,,,
01/04/2013,Netpoints,raised funds from,- Grupo Bozano,"BRL 100,000,000",,,,,,,,,,,,,,,,,,,,
01/04/2013,Mobly,raised funds from,- Cisneros,"USD 10,000,000",,,,,,,,,,,,,,,,,,,,
01/04/2013,GetNinjas,raised funds from,"- Kaszek Ventures
   - Otto Capital
   - Monashees Capital","USD 3,000,000",,,,,,,,,,,,,,,,,,,,
01/04/2013,TrabalhoJá,raised funds from,- Capital Indigo,"USD 5,500,000",,,,,,,,,,,,,,,,,,,,
01/04/2013,ProveAgora,raised funds from,- HFPX Participações,ND,,,,,,,,,,,,,,,,,,,,
01/04/2013,Evino,raised funds from,- Project-A Ventures,ND,,,,,,,,,,,,,,,,,,,,
01/04/2013,Pitzi,raised funds from,"- Kaszek Ventures
   - João Alceu Amoroso Lima
   - José Marin
   - Fabrice Grinda
   - Thrive Capital
   - Initial Capital
   - Flybridge Capital",ND,,,,,,,,,,,,,,,,,,,,
01/04/2013,Sol Soluções Online,was acquired by,- Planus,ND,,,,,,,,,,,,,,,,,,,,
01/04/2013,Profusion,was acquired by,- Intel,ND,,,,,,,,,,,,,,,,,,,,
01/03/2013,OpenTech,raised funds from,- DLM,"BRL 10,000,000",,,,,,,,,,,,,,,,,,,,
01/03/2013,Cuponation,raised funds from,- Holtzbrinck,"BRL 23,000,000",,,,,,,,,,,,,,,,,,,,
01/03/2013,Crowd.Mobi,raised funds from,- João Kepler Braga,"BRL 300,000",,,,,,,,,,,,,,,,,,,,
01/03/2013,Zynk,raised funds from,- Zenvia,"BRL 5,000,000",,,,,,,,,,,,,,,,,,,,
01/03/2013,Senior Solution,raised funds from,,"BRL 62,100,000",,,,,,,,,,,,,,,,,,,,
01/03/2013,PrizEasy,raised funds from,- Brazil Startups,"BRL 80,000",,,,,,,,,,,,,,,,,,,,
01/03/2013,BebêStore,raised funds from,"- Atomico
   - W7 Brazil Capital","USD 10,200,000",,,,,,,,,,,,,,,,,,,,
01/03/2013,NuBank,raised funds from,Sequoia,"USD 2,000,000",,,,,,,,,,,,,,,,,,,,
01/03/2013,Startupi,raised funds from,"- Redpoint eVentures
   - Aceleratech
   - ASA Capital
   - In Hsieh
   - Trinidade Investimentos
   - Jacard Investimentos
   - Mountain do Brasil
   - Initial Capital
   - e.Bricks Digital
   - Cassio Spina","USD 300,000",,,,,,,,,,,,,,,,,,,,
01/03/2013,Rock Content,raised funds from,"- Napkn Ventures
   - Digital News Ventures
   - e.Bricks Digital","USD 500,000",,,,,,,,,,,,,,,,,,,,
01/03/2013,Marerua Ltda,raised funds from,"- Peter Fernandez
   - Eduardo Steiner
   - Jonathan Coon
   - Rafael Bertani
   - Levinthal Capital
   - Galen Hardy","USD 875,000",,,,,,,,,,,,,,,,,,,,
01/03/2013,I.Systems,raised funds from,- Pitanga,ND,,,,,,,,,,,,,,,,,,,,
01/03/2013,ZoeMob.com,raised funds from,- e.Bricks Digital,ND,,,,,,,,,,,,,,,,,,,,
01/03/2013,Geofusion,raised funds from,- Intel Capital,ND,,,,,,,,,,,,,,,,,,,,
01/03/2013,WebRadar,raised funds from,- Intel Capital,ND,,,,,,,,,,,,,,,,,,,,
01/03/2013,Seller,was acquired by,- Linx,"BRL 10,135,000",,,,,,,,,,,,,,,,,,,,
01/03/2013,Direção Processamento de Dados,was acquired by,- Linx,"BRL 26,485,000",,,,,,,,,,,,,,,,,,,,
01/03/2013,Blucarros,was acquired by,- RBS,ND,,,,,,,,,,,,,,,,,,,,
01/03/2013,CortaContas,was acquired by,- ComparaOnline.com,ND,,,,,,,,,,,,,,,,,,,,
01/03/2013,CellBroker,was acquired by,- SolutionTech,ND,,,,,,,,,,,,,,,,,,,,
01/02/2013,I.ndigo,merged with,- Taqtile,ND,,,,,,,,,,,,,,,,,,,,
01/02/2013,Jánamesa,raised funds from,- Otto Capital,"BRL 1,500,000",,,,,,,,,,,,,,,,,,,,
01/02/2013,ResolveAí,raised funds from,- Adriana Cisneros,"BRL 5,000,000",,,,,,,,,,,,,,,,,,,,
01/02/2013,iFood,raised funds from,- Movile,"BRL 5,500,000",,,,,,,,,,,,,,,,,,,,
01/02/2013,Linx,raised funds from,,"BRL 527,800,000",,,,,,,,,,,,,,,,,,,,
01/02/2013,SaferTaxi,raised funds from,"- Kaszek Ventures
   - Draper Associates
   - Otto Capital","BRL 6,400,000",,,,,,,,,,,,,,,,,,,,
01/02/2013,Samba Ads,raised funds from,"- 500 Startups
   - Rhodium
   - Initial Capital
   - Florian Otto
   - e.Bricks Digital","USD 500,000",,,,,,,,,,,,,,,,,,,,
01/02/2013,PetLove (petsupermarket),raised funds from,"- Tiger Global Management
   - Monashees Capital","USD 9,808,256",,,,,,,,,,,,,,,,,,,,
01/02/2013,Natue,raised funds from,- Project-A Ventures,ND,,,,,,,,,,,,,,,,,,,,
01/02/2013,Beercrew,raised funds from,- HFPX Participações,ND,,,,,,,,,,,,,,,,,,,,
01/02/2013,Remarcados,raised funds from,"- Gávea Angels
   - Lab22",ND,,,,,,,,,,,,,,,,,,,,
01/02/2013,TransportarOnline,raised funds from,"- Hans Hickler
   - NXTP Labs
   - Fundacion Chile
   - Startup Chile",ND,,,,,,,,,,,,,,,,,,,,
01/02/2013,EasyAula,raised funds from,- Macmillan Digital Education,ND,,,,,,,,,,,,,,,,,,,,
01/02/2013,Veduca,raised funds from,- Macmillan Digital Education,ND,,,,,,,,,,,,,,,,,,,,
01/02/2013,Widbook,raised funds from,- W7 Brazil Capital,ND,,,,,,,,,,,,,,,,,,,,
01/02/2013,Bolsa de Mulher,was acquired by,- Batanga Media,"BRL 45,000,000",,,,,,,,,,,,,,,,,,,,
01/02/2013,itBrain,was acquired by,- Compusoftware,ND,,,,,,,,,,,,,,,,,,,,
01/02/2013,MeuCarango,was acquired by,- Webmotors,ND,,,,,,,,,,,,,,,,,,,,
01/02/2013,Zipcode,was acquired by,- TransUnion,ND,,,,,,,,,,,,,,,,,,,,
01/01/2013,Padtec,raised funds from,"- BNDES
   - Ideiasnet","BRL 167,000,000",,,,,,,,,,,,,,,,,,,,
01/01/2013,uMov.me,raised funds from,- Totvs Ventures,"BRL 3,200,000",,,,,,,,,,,,,,,,,,,,
01/01/2013,EscolherSeguro,raised funds from,- Warehouse Investimentos,ND,,,,,,,,,,,,,,,,,,,,
01/01/2013,Meia Bandeirada,raised funds from,- Plug n' Work,ND,,,,,,,,,,,,,,,,,,,,
01/01/2013,Kekanto,raised funds from,- W7 Brazil Capital,ND,,,,,,,,,,,,,,,,,,,,
01/01/2013,ContaAzul,raised funds from,"- Napkn Ventures
   - Ribbit Capital
   - Monashees Capital",ND,,,,,,,,,,,,,,,,,,,,
01/01/2013,PC Sistemas,was acquired by,- Totvs,"BRL 95,000,000",,,,,,,,,,,,,,,,,,,,
01/12/2012,Hand Talk,raised funds from,- João Kepler Braga,"BRL 1,000,000",,,,,,,,,,,,,,,,,,,,
01/12/2012,Dafiti,raised funds from,"- Quadrant Capital Advisors
   - AB Kinnevik
   - Summit Partners","BRL 135,000,000",,,,,,,,,,,,,,,,,,,,
01/12/2012,Viva Real,raised funds from,"- Kaszek Ventures
   - Valiant Capital Partners
   - Monashees Capital","BRL 30,000,000",,,,,,,,,,,,,,,,,,,,
01/12/2012,Lema21,raised funds from,"- Chamath Palihapitiya
   - Social+Capital Partnership
   - Ted Maidenberg
   - Romero Rodrigues
   - Luis Mario Bilenky","USD 1,600,000",,,,,,,,,,,,,,,,,,,,
01/12/2012,Evenka,raised funds from,- Harpia Ventures,ND,,,,,,,,,,,,,,,,,,,,
01/12/2012,VitrinePix,raised funds from,"- Astor Group
   - e.Bricks Digital",ND,,,,,,,,,,,,,,,,,,,,
01/12/2012,Itaro,raised funds from,"- Rising Venture
   - Unique Partners
   - Simile Venture Partners",ND,,,,,,,,,,,,,,,,,,,,
01/12/2012,Giver,raised funds from,- HFPX Participações,ND,,,,,,,,,,,,,,,,,,,,
01/12/2012,Sophie & Juliete,raised funds from,- Redpoint eVentures,ND,,,,,,,,,,,,,,,,,,,,
01/12/2012,Descomplica,raised funds from,"- 500 Startups
   - Valor Capital
   - Valar Ventures
   - El Area
   - Social+Capital Partnership",ND,,,,,,,,,,,,,,,,,,,,
01/12/2012,Hotelli,raised funds from,"- Polaris Investimentos
   - Lab22
   - Garan Ventures
   - NH Investimentos",ND,,,,,,,,,,,,,,,,,,,,
01/12/2012,Netcom,raised funds from,- Confrapar,ND,,,,,,,,,,,,,,,,,,,,
01/11/2012,RockBee,incubated by,- Wayra Brasil,"USD 50,000",,,,,,,,,,,,,,,,,,,,
01/11/2012,Super Lead,raised funds from,- Mountain do Brasil,"BRL 1,000,000",,,,,,,,,,,,,,,,,,,,
01/11/2012,Go2neXt,raised funds from,- KB7,"BRL 3,000,000",,,,,,,,,,,,,,,,,,,,
01/11/2012,Canal do Crédito,raised funds from,- GRPCOM,"BRL 30,000,000",,,,,,,,,,,,,,,,,,,,
01/11/2012,Imovelweb,raised funds from,- Riverwood Capital,"USD 30,000,000",,,,,,,,,,,,,,,,,,,,
01/11/2012,LottoStars,raised funds from,- Tony Perkins,"USD 700,000",,,,,,,,,,,,,,,,,,,,
01/11/2012,Emprego Ligado,raised funds from,"- 500 Startups
   - Fortify.vc
   - Initial Capital
   - Rising Venture",ND,,,,,,,,,,,,,,,,,,,,
01/11/2012,Zap Saúde,raised funds from,- Luis Carlos Freitas,ND,,,,,,,,,,,,,,,,,,,,
01/11/2012,Tuilux,raised funds from,- Astella,ND,,,,,,,,,,,,,,,,,,,,
01/11/2012,Eventials,raised funds from,- Locaweb,ND,,,,,,,,,,,,,,,,,,,,
01/11/2012,Moblife,raised funds from,- Astella,ND,,,,,,,,,,,,,,,,,,,,
01/11/2012,55Social,raised funds from,- Redpoint eVentures,ND,,,,,,,,,,,,,,,,,,,,
01/10/2012,Qual Canal,incubated by,- 500 Startups,"USD 50,000",,,,,,,,,,,,,,,,,,,,
01/10/2012,Veduca,raised funds from,"- 500 Startups
   - Mountain do Brasil","BRL 1,500,000",,,,,,,,,,,,,,,,,,,,
01/10/2012,Easy Taxi,raised funds from,- Rocket Internet,"BRL 10,000,000",,,,,,,,,,,,,,,,,,,,
01/10/2012,BuyOnSocial,raised funds from,- DBR.ag,"BRL 600,000",,,,,,,,,,,,,,,,,,,,
01/10/2012,Oppa,raised funds from,"- Kaszek Ventures
   - Ribbit Capital
   - Peter Thiel
   - Thrive Capital
   - Monashees Capital","USD 10,470,000",,,,,,,,,,,,,,,,,,,,
01/10/2012,Cuponomia,raised funds from,- 500 Startups,ND,,,,,,,,,,,,,,,,,,,,
01/10/2012,Área Central,raised funds from,- HFPX Participações,ND,,,,,,,,,,,,,,,,,,,,
01/10/2012,Axado,raised funds from,- Fundo SC,ND,,,,,,,,,,,,,,,,,,,,
01/10/2012,Amo Muito,raised funds from,- Ideiasnet,ND,,,,,,,,,,,,,,,,,,,,
01/10/2012,OQVestir,raised funds from,- Tiger Global Management,ND,,,,,,,,,,,,,,,,,,,,
01/10/2012,Foome,raised funds from,- HFPX Participações,ND,,,,,,,,,,,,,,,,,,,,
01/10/2012,Pagpop,raised funds from,- Intel Capital,ND,,,,,,,,,,,,,,,,,,,,
01/10/2012,ZeroPaper,raised funds from,-21212,ND,,,,,,,,,,,,,,,,,,,,
01/10/2012,Woopi,was acquired by,- Stefanini,ND,,,,,,,,,,,,,,,,,,,,
01/09/2012,Pixeon,merged with,- Medical Systems,ND,,,,,,,,,,,,,,,,,,,,
01/09/2012,NeoAssist,raised funds from,- Green Technology,"BRL 7,000,000",,,,,,,,,,,,,,,,,,,,
01/09/2012,MeCasar,raised funds from,- HFPX Participações,ND,,,,,,,,,,,,,,,,,,,,
01/09/2012,Minuto Seguros,raised funds from,- Redpoint eVentures,ND,,,,,,,,,,,,,,,,,,,,
01/09/2012,Peela,raised funds from,- Trinidade Investimentos,ND,,,,,,,,,,,,,,,,,,,,
01/09/2012,Pixeon,raised funds from,- Intel Capital,ND,,,,,,,,,,,,,,,,,,,,
01/09/2012,Mala Pronta,was acquired by,- TUI Travel,ND,,,,,,,,,,,,,,,,,,,,
01/09/2012,NovaLink,was acquired by,- Thomson Reuters,ND,,,,,,,,,,,,,,,,,,,,
01/09/2012,Shopcliq,was acquired by,- Buscapé,ND,,,,,,,,,,,,,,,,,,,,
01/08/2012,Locamob,raised funds from,"- Christian Gessner
   - Stefan Schimenes",ND,,,,,,,,,,,,,,,,,,,,
01/08/2012,Printi,raised funds from,"- Kai Schoppen
   - Greekoaks Capital
   - Joe Lonsdale
   - Peter Fernandez
   - Fabrice Grinda
   - Florian Otto","BRL 2,500,000",,,,,,,,,,,,,,,,,,,,
01/08/2012,Dafiti,raised funds from,- JPMorgan Asset Management,"BRL 90,000,000",,,,,,,,,,,,,,,,,,,,
01/08/2012,Realtime,raised funds from,- BRZTech Holding,"USD 100,000,000",,,,,,,,,,,,,,,,,,,,
01/08/2012,Lets,raised funds from,- RBS,ND,,,,,,,,,,,,,,,,,,,,
01/08/2012,Vostu,raised funds from,"- Tiger Global Management
   - Intel Capital
   - General Catalyst",ND,,,,,,,,,,,,,,,,,,,,
01/08/2012,Runrun.it,raised funds from,"- Antonio Carlos Soares
   - Patrick Lisbona",ND,,,,,,,,,,,,,,,,,,,,
01/08/2012,Listus,raised funds from,"- Devise
   - Polaris Investimentos",ND,,,,,,,,,,,,,,,,,,,,
01/08/2012,Elike,raised funds from,- Intel Capital,ND,,,,,,,,,,,,,,,,,,,,
01/08/2012,Appies,raised funds from,- Trinidade Investimentos,ND,,,,,,,,,,,,,,,,,,,,
01/08/2012,eÓtica,raised funds from,"- Kaszek Ventures
   - Kai Schoppen",ND,,,,,,,,,,,,,,,,,,,,
01/08/2012,Movere,was acquired by,- Idea.me,ND,,,,,,,,,,,,,,,,,,,,
01/07/2012,Oktagon Games,raised funds from,- Confrapar,"BRL 2,000,000",,,,,,,,,,,,,,,,,,,,
01/07/2012,VestesBR,raised funds from,- Diether Werninghaus,"BRL 5,000,000",,,,,,,,,,,,,,,,,,,,
01/07/2012,Dabee,raised funds from,- Monashees Capital,ND,,,,,,,,,,,,,,,,,,,,
01/07/2012,MadeiraMadeira,raised funds from,"- Kaszek Ventures
   - Flybridge Capital
   - Niraj Shah
   - Christian Friedland
   - Monashees Capital",ND,,,,,,,,,,,,,,,,,,,,
01/07/2012,Guiato,raised funds from,"- Flavio Jansen
   - A5 Investimentos",ND,,,,,,,,,,,,,,,,,,,,
01/07/2012,Profite,was acquired by,- CookieWeb,"BRL 3,200,000",,,,,,,,,,,,,,,,,,,,
01/07/2012,Bixti,was acquired by,- Elo7,ND,,,,,,,,,,,,,,,,,,,,
01/06/2012,Donde Voy,raised funds from,,"BRL 100,000",,,,,,,,,,,,,,,,,,,,
01/06/2012,Netshoes,raised funds from,- Temasek Holdings,"BRL 135,000,000",,,,,,,,,,,,,,,,,,,,
01/06/2012,Dabee,raised funds from,NH Investimentos,,,,,,,,,,,,,,,,,,,,,
01/06/2012,Baby.com.br,raised funds from,"- Accel Partners
   - Tiger Global Management
   - Menlo Ventures
   - Valor Capital","USD 16,000,000",,,,,,,,,,,,,,,,,,,,
01/06/2012,Juv&You,raised funds from,"- Kai Schoppen
   - ru-Net
   - Florian Otto",ND,,,,,,,,,,,,,,,,,,,,
01/06/2012,Unipay,raised funds from,- 500 Startups,ND,,,,,,,,,,,,,,,,,,,,
01/06/2012,Flores Online,raised funds from,"- BR Opportunities
   - 1800-flowers",ND,,,,,,,,,,,,,,,,,,,,
01/06/2012,Folhamatic,was acquired by,- Sage,"BRL 398,000,000",,,,,,,,,,,,,,,,,,,,
01/06/2012,Consulta Remédios,was acquired by,- Grupo Codal,ND,,,,,,,,,,,,,,,,,,,,
01/05/2012,emotion.me,raised funds from,- Harpia Ventures,"USD 250,000",,,,,,,,,,,,,,,,,,,,
01/05/2012,HelpSaude,raised funds from,- Kaszek Ventures,ND,,,,,,,,,,,,,,,,,,,,
01/04/2012,Whapp,merged with,- Imaginareality,ND,,,,,,,,,,,,,,,,,,,,
01/04/2012,Vtex,raised funds from,- Naspers,ND,,,,,,,,,,,,,,,,,,,,
01/04/2012,Minha Vida,raised funds from,"- Catalyst
   - Intel Capital",ND,,,,,,,,,,,,,,,,,,,,
01/04/2012,Softcorp,was acquired by,- Techresult,"BRL 15,000,000",,,,,,,,,,,,,,,,,,,,
01/04/2012,Ceviu,was acquired by,- CareerBuilder,ND,,,,,,,,,,,,,,,,,,,,
01/03/2012,Fisgo,raised funds from,- Confrapar,"BRL 2,000,000",,,,,,,,,,,,,,,,,,,,
01/03/2012,Mandic,raised funds from,- Riverwood Capital,"USD 100,000,000",,,,,,,,,,,,,,,,,,,,
01/03/2012,Sophie & Juliete,raised funds from,"- Redpoint eVentures
   - IG Expansion",ND,,,,,,,,,,,,,,,,,,,,
01/03/2012,YepDoc,raised funds from,- Rocket Internet,ND,,,,,,,,,,,,,,,,,,,,
01/03/2012,21 diamonds,raised funds from,- Rocket Internet,ND,,,,,,,,,,,,,,,,,,,,
01/03/2012,Zocprint,raised funds from,- Rocket Internet,ND,,,,,,,,,,,,,,,,,,,,
01/03/2012,Wabbers,raised funds from,- IVP,ND,,,,,,,,,,,,,,,,,,,,
01/03/2012,Elo7,raised funds from,- Insight Venture Partners,ND,,,,,,,,,,,,,,,,,,,,
01/03/2012,Ningo,raised funds from,- Cassio Spina,ND,,,,,,,,,,,,,,,,,,,,
01/03/2012,O Entregador,was acquired by,- Peixe Urbano,ND,,,,,,,,,,,,,,,,,,,,
01/03/2012,Groupalia,was acquired by,- Peixe Urbano,ND,,,,,,,,,,,,,,,,,,,,
01/02/2012,BebêStore,raised funds from,- Atomico,"USD 2,000,000",,,,,,,,,,,,,,,,,,,,
01/02/2012,Restorando,raised funds from,"- Kaszek Ventures
   - Atomico
   - Emergence Capital
   - Storm Ventures","USD 3,000,000",,,,,,,,,,,,,,,,,,,,
01/02/2012,Starline,raised funds from,- Confrapar,ND,,,,,,,,,,,,,,,,,,,,
01/02/2012,MT Performance,raised funds from,"- eVentures
   - BDMI",ND,,,,,,,,,,,,,,,,,,,,
01/02/2012,Pixeon,raised funds from,- Intel Capital,ND,,,,,,,,,,,,,,,,,,,,
01/02/2012,Fashion.me,raised funds from,- Intel Capital,ND,,,,,,,,,,,,,,,,,,,,
01/02/2012,Coquelux,raised funds from,- Intel Capital,ND,,,,,,,,,,,,,,,,,,,,
01/02/2012,Viva Real,raised funds from,"- Kaszek Ventures
   - Greg Waldorf
   - Simon Baker
   - Shaun Di Gregorio
   - Wences Casares
   - Micky Malka
   - Ariel Poler
   - Gordon Rubenstein
   - 500 Startups
   - Jeff Fluhr
   - Errol Damelin
   - Florian Otto
   - Monashees Capital",ND,,,,,,,,,,,,,,,,,,,,
01/02/2012,Cidade Internet,was acquired by,- Populis,ND,,,,,,,,,,,,,,,,,,,,
01/02/2012,Zuppa,was acquired by,- Peixe Urbano,ND,,,,,,,,,,,,,,,,,,,,
01/01/2012,Connectparts,raised funds from,- Atomico,"USD 7,000,000",,,,,,,,,,,,,,,,,,,,
01/01/2012,Peixe Urbano,raised funds from,"- General Atlantic
   - Tiger Global Management
   - Morgan Stanley
   - T. Rowe Price Associates",ND,,,,,,,,,,,,,,,,,,,,
01/01/2012,Ideiasnet,raised funds from,- Liberty Media,ND,,,,,,,,,,,,,,,,,,,,
01/01/2012,Hipxik,shut down,,ND,,,,,,,,,,,,,,,,,,,,
01/01/2012,Resolva.me,was acquired by,- Buscapé,ND,,,,,,,,,,,,,,,,,,,,
01/01/2012,Aorta,was acquired by,- Grupo.Mobi,ND,,,,,,,,,,,,,,,,,,,,
01/12/2011,Apontador,raised funds from,- LBS Local,"BRL 10,000,000",,,,,,,,,,,,,,,,,,,,
01/12/2011,Saútil,raised funds from,"- Vox Capital
   - Village Capital","BRL 100,000",,,,,,,,,,,,,,,,,,,,
01/12/2011,Banco Pérola,raised funds from,"- Vox Capital
   - Village Capital","BRL 100,000",,,,,,,,,,,,,,,,,,,,
01/12/2011,QMágico,raised funds from,"- Vox Capital
   - Village Capital","BRL 100,000",,,,,,,,,,,,,,,,,,,,
01/12/2011,Myreks,raised funds from,- Fundo SC,ND,,,,,,,,,,,,,,,,,,,,
01/12/2011,Predicta,raised funds from,- RBS,ND,,,,,,,,,,,,,,,,,,,,
01/12/2011,Yupi Studios,raised funds from,- Tapjoy,ND,,,,,,,,,,,,,,,,,,,,
01/11/2011,Bússola do Investidor,incubated by,- Startup Chile,"USD 40,000",,,,,,,,,,,,,,,,,,,,
01/11/2011,Checkout10,incubated by,- Startup Chile,"USD 40,000",,,,,,,,,,,,,,,,,,,,
01/11/2011,DeskMetrics,incubated by,- Startup Chile,"USD 40,000",,,,,,,,,,,,,,,,,,,,
01/11/2011,GPNX,incubated by,- Startup Chile,"USD 40,000",,,,,,,,,,,,,,,,,,,,
01/11/2011,Yupi Studios,incubated by,- Startup Chile,"USD 40,000",,,,,,,,,,,,,,,,,,,,
01/11/2011,Pinspire,raised funds from,- Rocket Internet,ND,,,,,,,,,,,,,,,,,,,,
01/11/2011,Kekanto,raised funds from,"- Accel Partners
   - Kaszek Ventures",ND,,,,,,,,,,,,,,,,,,,,
01/11/2011,Baby.com.br,raised funds from,"- Angélica
   - Luciano Huck",ND,,,,,,,,,,,,,,,,,,,,
01/11/2011,CromoUp,raised funds from,- Confrapar,ND,,,,,,,,,,,,,,,,,,,,
01/11/2011,GetNinjas,raised funds from,- Kaszek Ventures,ND,,,,,,,,,,,,,,,,,,,,
01/10/2011,Bolsa de Mulher,merged with,- E-media,ND,,,,,,,,,,,,,,,,,,,,
01/10/2011,Mercado.etc,raised funds from,- A5 Investimentos,ND,,,,,,,,,,,,,,,,,,,,
01/10/2011,Oppa,raised funds from,"- Kaszek Ventures
   - Fernanda Feitosa
   - Thrive Capital
   - Monashees Capital",ND,,,,,,,,,,,,,,,,,,,,
01/10/2011,Elo7,raised funds from,"- Accel Partners
   - Monashees Capital",ND,,,,,,,,,,,,,,,,,,,,
01/10/2011,Ideias.me,raised funds from,,ND,,,,,,,,,,,,,,,,,,,,
01/09/2011,Brandship,incubated by,21212,"BRL 20,000",,,,,,,,,,,,,,,,,,,,
01/09/2011,Ainda Tem,incubated by,21212,"BRL 20,000",,,,,,,,,,,,,,,,,,,,
01/09/2011,Bloompa,incubated by,-21212,"BRL 20,000",,,,,,,,,,,,,,,,,,,,
01/09/2011,ResolveAí,incubated by,-21212,"BRL 20,000",,,,,,,,,,,,,,,,,,,,
01/09/2011,Simpply,incubated by,-21212,"BRL 20,000",,,,,,,,,,,,,,,,,,,,
01/09/2011,Pagpop,incubated by,-21212,"BRL 20,000",,,,,,,,,,,,,,,,,,,,
01/09/2011,iTrip,incubated by,-21212,"BRL 20,000",,,,,,,,,,,,,,,,,,,,
01/09/2011,Igluu,incubated by,-21212,"BRL 20,000",,,,,,,,,,,,,,,,,,,,
01/09/2011,Helpin,incubated by,-21212,"BRL 20,000",,,,,,,,,,,,,,,,,,,,
01/09/2011,Craques.com,incubated by,-21212,"BRL 20,000",,,,,,,,,,,,,,,,,,,,
01/09/2011,Livebuzz,raised funds from,- Dinamize,BRL,,,,,,,,,,,,,,,,,,,,
01/09/2011,SaferTaxi,raised funds from,"- Kaszek Ventures
   - Draper Associates","USD 1,000,000",,,,,,,,,,,,,,,,,,,,
01/09/2011,Shoes4You,raised funds from,"- Accel Partners
   - Redpoint Ventures",ND,,,,,,,,,,,,,,,,,,,,
01/09/2011,GetNinjas,raised funds from,- Monashees Capital,ND,,,,,,,,,,,,,,,,,,,,
01/09/2011,Olook,raised funds from,- Monashees Capital,ND,,,,,,,,,,,,,,,,,,,,
01/09/2011,Videolog,was acquired by,- SambaTech,ND,,,,,,,,,,,,,,,,,,,,
01/09/2011,RestauranteWeb,was acquired by,- Just-Eat,ND,,,,,,,,,,,,,,,,,,,,
01/08/2011,Tricae,incubated by,- Rocket Internet,ND,,,,,,,,,,,,,,,,,,,,
01/08/2011,Airu,incubated by,- Rocket Internet,ND,,,,,,,,,,,,,,,,,,,,
01/08/2011,Kanui,incubated by,- Rocket Internet,ND,,,,,,,,,,,,,,,,,,,,
01/08/2011,Mobly,incubated by,- Rocket Internet,ND,,,,,,,,,,,,,,,,,,,,
01/08/2011,iFood,raised funds from,- Warehouse Investimentos,"BRL 3,000,000",,,,,,,,,,,,,,,,,,,,
01/08/2011,Urbanizo,raised funds from,- Buscapé,"BRL 300,000",,,,,,,,,,,,,,,,,,,,
01/08/2011,Hotmart,raised funds from,- Buscapé,"BRL 300,000",,,,,,,,,,,,,,,,,,,,
01/08/2011,MeuCarrinho,raised funds from,- Buscapé,"BRL 300,000",,,,,,,,,,,,,,,,,,,,
01/08/2011,Anuncie.la,raised funds from,- Buscapé,"BRL 300,000",,,,,,,,,,,,,,,,,,,,
01/08/2011,Dualtec,raised funds from,- Astella,ND,,,,,,,,,,,,,,,,,,,,
01/08/2011,Axado,raised funds from,- Jacard Investimentos,ND,,,,,,,,,,,,,,,,,,,,
01/07/2011,ViajaNet,raised funds from,"- Redpoint Ventures
   - General Catalyst","USD 19,000,000",,,,,,,,,,,,,,,,,,,,
01/07/2011,Grupo Xangô,raised funds from,"- eVentures
   - Index Ventures eHighland Capital
   - Redpoint Ventures","USD 6,000,000",,,,,,,,,,,,,,,,,,,,
01/07/2011,Omnilogic,raised funds from,- Naspers,ND,,,,,,,,,,,,,,,,,,,,
01/07/2011,Virid,was acquired by,- Experian,ND,,,,,,,,,,,,,,,,,,,,
01/06/2011,CapsDOC,incubated by,- Startup Chile,"USD 40,000",,,,,,,,,,,,,,,,,,,,
01/06/2011,JobConvo,incubated by,- Startup Chile,"USD 40,000",,,,,,,,,,,,,,,,,,,,
01/06/2011,Novelo,incubated by,- Startup Chile,"USD 40,000",,,,,,,,,,,,,,,,,,,,
01/06/2011,Zuggi,incubated by,- Startup Chile,"USD 40,000",,,,,,,,,,,,,,,,,,,,
01/06/2011,Regrupe,merged with,- ApontaOfertas,ND,,,,,,,,,,,,,,,,,,,,
01/06/2011,Dafiti,raised funds from,"- Rocket Internet
   - Holtzbrinck","BRL 35,000,000",,,,,,,,,,,,,,,,,,,,
01/06/2011,Glossybox,raised funds from,"- Rocket Internet
   - Holtzbrinck",ND,,,,,,,,,,,,,,,,,,,,
01/06/2011,Kekanto,raised funds from,"- Florian Otto
   - Vinicius Marchini",ND,,,,,,,,,,,,,,,,,,,,
01/06/2011,Peixe Urbano,raised funds from,"- General Atlantic
   - Tiger Global Management",ND,,,,,,,,,,,,,,,,,,,,
01/06/2011,Folhamatic,raised funds from,- Insight Venture Partners,ND,,,,,,,,,,,,,,,,,,,,
01/06/2011,Compare123,raised funds from,- Internet24,ND,,,,,,,,,,,,,,,,,,,,
01/06/2011,Ikeda,was acquired by,- Rakuten,ND,,,,,,,,,,,,,,,,,,,,
01/05/2011,O2 Games,raised funds from,- Bossa Nova,ND,,,,,,,,,,,,,,,,,,,,
01/05/2011,"Best, Cool & Fun Games",raised funds from,"- ArpexCapital
   - Madrone
   - Daniel Gutenberg",ND,,,,,,,,,,,,,,,,,,,,
01/05/2011,SiteBlindado,raised funds from,- ArpexCapital,ND,,,,,,,,,,,,,,,,,,,,
01/05/2011,Braspag,was acquired by,- Cielo,"BRL 40,000,000",,,,,,,,,,,,,,,,,,,,
01/05/2011,Hi-Midia,was acquired by,- RBS,ND,,,,,,,,,,,,,,,,,,,,
01/05/2011,BoaCompra,was acquired by,- UOL,ND,,,,,,,,,,,,,,,,,,,,
01/05/2011,Clickon,was acquired by,- Globo Mosaico,ND,,,,,,,,,,,,,,,,,,,,
01/04/2011,HelpSaude,raised funds from,- Astella,ND,,,,,,,,,,,,,,,,,,,,
01/04/2011,ZoeMob.com,raised funds from,- Cassio Spina,ND,,,,,,,,,,,,,,,,,,,,
01/04/2011,Hotel Urbano,raised funds from,- Insight Venture Partners,ND,,,,,,,,,,,,,,,,,,,,
01/04/2011,Meritia,raised funds from,- Aorta,ND,,,,,,,,,,,,,,,,,,,,
01/04/2011,Power.com,shut down,,ND,,,,,,,,,,,,,,,,,,,,
01/03/2011,Kabum,raised funds from,- Insight Venture Partners,ND,,,,,,,,,,,,,,,,,,,,
01/03/2011,OQVestir,raised funds from,"- Tiger Global Management
   - Kaszek Ventures",ND,,,,,,,,,,,,,,,,,,,,
01/02/2011,Tutudo,raised funds from,- Bossa Nova,ND,,,,,,,,,,,,,,,,,,,,
01/02/2011,Navegg,was acquired by,- Buscapé,ND,,,,,,,,,,,,,,,,,,,,
01/01/2011,Baby.com.br,raised funds from,"- Tiger Global Management
   - SV Angel
   - Chamath Palihapitiya
   - Felicis Ventures
   - Monashees Capital","USD 4,000,000",,,,,,,,,,,,,,,,,,,,
01/01/2011,Netcom,raised funds from,- Confrapar,ND,,,,,,,,,,,,,,,,,,,,
01/01/2011,Peixe Urbano,raised funds from,- Benchmark Capital,ND,,,,,,,,,,,,,,,,,,,,
01/01/2011,Mobjoy,raised funds from,- Monashees Capital,ND,,,,,,,,,,,,,,,,,,,,
01/01/2011,tryoop,raised funds from,- Astella,ND,,,,,,,,,,,,,,,,,,,,
01/01/2011,PetLove (petsupermarket),raised funds from,"- Tiger Global Management
   - Kaszek Ventures
   - Monashees Capital",ND,,,,,,,,,,,,,,,,,,,,
01/01/2011,Belezanaweb,raised funds from,"- Tiger Global Management
   - Kaszek Ventures",ND,,,,,,,,,,,,,,,,,,,,
01/01/2011,Amanaie,shut down,,ND,,,,,,,,,,,,,,,,,,,,
30/12/2010,UOL,was acquired by,Folhapar,ND,29%,"http://www.estadao.com.br/noticias/geral,portugal-telecom-vende-fatia-no-uol-para-fundador-da-hypermarcas,659832",Portugal Telecom vendendo para comprar parte da Oi,,,,,,,,,,,,,,,,,
01/12/2010,Diveo,was acquired by,- UOL,"BRL 693,000,000",,,,,,,,,,,,,,,,,,,,
01/12/2010,Media Factory,was acquired by,- LeadMedia,"BRL 9,000,000",,,,,,,,,,,,,,,,,,,,
01/12/2010,NetMovies,was acquired by,- Tiger Global Management,"USD 7,000,000",,,,,,,,,,,,,,,,,,,,
01/11/2010,boo-box,raised funds from,- Intel Capital,USD,,,,,,,,,,,,,,,,,,,,
01/11/2010,Vostu,raised funds from,"- Accel Partners
   - Tiger Global Management","USD 30,000,000",,,,,,,,,,,,,,,,,,,,
01/11/2010,Netshoes,raised funds from,- Tiger Global Management,ND,,,,,,,,,,,,,,,,,,,,
01/11/2010,Coquelux,raised funds from,- Intel Capital,ND,,,,,,,,,,,,,,,,,,,,
01/10/2010,DeskMetrics,raised funds from,,"USD 200,000",,,,,,,,,,,,,,,,,,,,
01/10/2010,Privalia,raised funds from,"- General Atlantic
   - Index Ventures eHighland Capital",ND,,,,,,,,,,,,,,,,,,,,
01/10/2010,Sieve,raised funds from,- ArpexCapital,ND,,,,,,,,,,,,,,,,,,,,
01/10/2010,m4u,was acquired by,Cielo - ABNote,"R$ 80,100,000 ","por 80,1%",,,,,,,,,,,,,,,,,,,
01/09/2010,Locaweb,raised funds from,- SilverLake,ND,,,,,,,,,,,,,,,,,,,,
01/09/2010,Saveme,was acquired by,- Buscapé,ND,,,,,,,,,,,,,,,,,,,,
01/08/2010,EzLearn,raised funds from,- Galícia Investimentos,ND,,,,,,,,,,,,,,,,,,,,
01/08/2010,Mentez,raised funds from,- Insight Venture Partners,ND,,,,,,,,,,,,,,,,,,,,
01/08/2010,EBehavior,was acquired by,- Buscapé,ND,,,,,,,,,,,,,,,,,,,,
01/07/2010,Chaordic,raised funds from,- DLM,ND,,,,,,,,,,,,,,,,,,,,
01/07/2010,Canal do Crédito,raised funds from,- Confrapar,ND,,,,,,,,,,,,,,,,,,,,
01/06/2010,Vostu,raised funds from,"- Intel Capital
   - General Catalyst","USD 12,000,000",,,,,,,,,,,,,,,,,,,,
01/06/2010,Descomplica,raised funds from,- Gávea Angels,ND,,,,,,,,,,,,,,,,,,,,
01/05/2010,Brandsclub,raised funds from,- Naspers,"USD 17,000,000",,,,,,,,,,,,,,,,,,,,
01/05/2010,Clickon,raised funds from,"- Klaus Hommels
   - Oliver Jung
   - A5 Investimentos","USD 17,000,000",,,,,,,,,,,,,,,,,,,,
01/05/2010,ePrimeCare,raised funds from,- Confrapar,ND,,,,,,,,,,,,,,,,,,,,
01/03/2010,Peixe Urbano,raised funds from,- Monashees Capital,ND,,,,,,,,,,,,,,,,,,,,
01/03/2010,Alugue Temporada,was acquired by,- HomeAway,ND,,,,,,,,,,,,,,,,,,,,
01/01/2010,Navegg,raised funds from,- Astella,ND,,,,,,,,,,,,,,,,,,,,
01/12/2009,softaware.emp.br,raised funds from,- Programa PRIME,"BRL 120,000",,,,,,,,,,,,,,,,,,,,
01/12/2009,Vostu,raised funds from,- Intel Capital,"USD 2,590,000",,,,,,,,,,,,,,,,,,,,
01/10/2009,Insite,was acquired by,- UOL,ND,,,,,,,,,,,,,,,,,,,,
01/09/2009,MoIP,raised funds from,- IDNT,ND,,,,,,,,,,,,,,,,,,,,
01/09/2009,Buscapé,was acquired by,- Naspers,"USD 342,000,000",,,,,,,,,,,,,,,,,,,,
01/06/2009,Hotwords,was acquired by,- CanalMail,ND,,,,,,,,,,,,,,,,,,,,
01/05/2009,BoldCron,was acquired by,- UOL,ND,,,,,,,,,,,,,,,,,,,,
01/03/2009,Amanaie,raised funds from,- Michael Nicklas,ND,,,,,,,,,,,,,,,,,,,,
01/03/2009,DHC,was acquired by,- UOL,ND,,,,,,,,,,,,,,,,,,,,
01/01/2009,SambaTech,raised funds from,"- DFJ
   - FIR Capital","USD 3,000,000",,,,,,,,,,,,,,,,,,,,
01/01/2009,CorpoPerfeito,raised funds from,- Endurance,ND,,,,,,,,,,,,,,,,,,,,
01/01/2009,Bookess,raised funds from,- Floripa Angels,ND,,,,,,,,,,,,,,,,,,,,
01/12/2008,Compra3,raised funds from,"- Michael Nicklas
   - Carlos Nissel
   - Daniel Tinoco","USD 1,000,000",,,,,,,,,,,,,,,,,,,,
01/12/2008,TrueTech,raised funds from,- Intel Capital,ND,,,,,,,,,,,,,,,,,,,,
01/11/2008,WebCo,merged with,- Abril Digital,ND,,,,,,,,,,,,,,,,,,,,
01/11/2008,Sack's,raised funds from,- Albatroz Participações,"BRL 16,000,000",,,,,,,,,,,,,,,,,,,,
01/11/2008,Guiadasemana,was acquired by,- RBS,ND,,,,,,,,,,,,,,,,,,,,
01/11/2008,ObaOba,was acquired by,- RBS,ND,,,,,,,,,,,,,,,,,,,,
01/11/2008,pontomobi,was acquired by,- RBS,ND,,,,,,,,,,,,,,,,,,,,
01/09/2008,WebCo,raised funds from,- Naspers,ND,,,,,,,,,,,,,,,,,,,,
01/09/2008,ComperaNTime,was acquired by,- Naspers,ND,,,,,,,,,,,,,,,,,,,,
01/08/2008,Spring Wireless,raised funds from,"- IDNT
   - NEA
   - Goldman Sachs","USD 56,000,000",,,,,,,,,,,,,,,,,,,,
01/06/2008,Vostu,raised funds from,- Intel Capital,"USD 1,300,000",,,,,,,,,,,,,,,,,,,,
01/02/2008,Power.com,raised funds from,- Draper Fisher Jurvetson,ND,,,,,,,,,,,,,,,,,,,,
01/02/2008,Digiweb,was acquired by,- UOL,ND,,,,,,,,,,,,,,,,,,,,
01/01/2008,BlogBlogs,was acquired by,"- Naspers
   - Abril Digital",ND,,,,,,,,,,,,,,,,,,,,
01/09/2007,Ikwa,raised funds from,- Monashees Capital,ND,,,,,,,,,,,,,,,,,,,,
01/07/2007,boo-box,raised funds from,- Monashees Capital,"USD 300,000",,,,,,,,,,,,,,,,,,,,
01/07/2007,BrPay,was acquired by,- UOL,ND,,,,,,,,,,,,,,,,,,,,
01/06/2007,Zura,raised funds from,- IDNT,ND,,,,,,,,,,,,,,,,,,,,
01/03/2007,Via6,raised funds from,- Confrapar,"USD 500,000",,,,,,,,,,,,,,,,,,,,
01/02/2006,BondFaro,raised funds from,- Buscapé,ND,,,,,,,,,,,,,,,,,,,,
01/12/2005,Buscapé,was acquired by,Great Hill Partners,(majoritário),,http://www.greathillpartners.com/news/details/2009/120,,,,,,,,,,,,,,,,,,
12/11/2005,Arremate,was acquired by,MercadoLibre,"USD 12,100,00",,http://investor.mercadolibre.com/secfiling.cfm?filingID=1193125-14-78151,,,,,,,,,,,,,,,,,,
01/07/2005,Akwan,was acquired by,- Google,ND,,,,,,,,,,,,,,,,,,,,
01/05/2004,IG,was acquired by,- Brasil Telecom,"USD 100,000,000",,,,,,,,,,,,,,,,,,,,
01/12/2002,Lokau,was acquired by,MercadoLibre,,,http://www.sec.gov/Archives/edgar/data/1099590/000119312508012485/ds1.htm,,,,,,,,,,,,,,,,,,
01/08/2002,Ibest,was acquired by,- Brasil Telecom,"BRL 50,000,000",,,,,,,,,,,,,,,,,,,,
01/03/2002,Universia,raised funds by,Santander,"BRL 40,000,000",http://noticias.universia.com.br/destaque/noticia/2002/03/06/552274/santander-lana-portal-ensino.html,,,,,,,,,,,,,,,,,,,
01/02/2002,Scopus,was acquired by,Bradesco,"BRL 37,000,000",75%,https://www.google.com.br/url?sa=t&rct=j&q=&esrc=s&source=web&cd=4&ved=0CCwQFjAD&url=http%3A%2F%2Fwww.cvm.gov.br%2Fdados%2Ffatos%2F20020301_BANCO_BRADESCO_SA_E_BRADESPAR_SA.doc&ei=JH3OVNDTKdH4yQTroIKYCQ&usg=AFQjCNEF82S6w_90evG45K4daBSyDvmICQ&sig2=M3Vk7SprbFKjXbsHBIbiuA,LUCRO da Bradespar - http://extapps.mz-ir.com/rao/bradespar/2003/RA2003.pdf,,,,,,,,,,,,,,,,,
01/02/2002,Webmotors,was acquired by,- Banco Real,ND,,,,,,,,,,,,,,,,,,,,
01/01/2002,Cadê,was acquired by,- Yahoo,ND,,,,,,,,,,,,,,,,,,,,
01/12/2001,Mlab,was acquired by,- Cemex,"USD 36,000,000",,,,,,,,,,,,,,,,,,,,
01/11/2001,Lokau,was acquired by,- Brasil Telecom,ND,,,,,,,,,,,,,,,,,,,,
01/10/2001,iBazar,was acquired by,MercadoLibre,"19,5% do ML para o eBay",http://idgnow.com.br/mercado/2001/10/01/idgnoticia.2006-05-07.0261726552/,,,,,,,,,,,,,,,,,,,
01/07/2001,hpG,was acquired by,- IG,ND,,,,,,,,,,,,,,,,,,,,
22/02/2001,iBazar,was acquired by,eBay,"USD 103,000,000",,http://www1.folha.uol.com.br/folha/informatica/ult124u4581.shtml,,,,,,,,,,,,,,,,,,
22/02/2001,UOL,was acquired by,Portugal Telecom,"USD 100,000,000 + ZipMail (Folhapar também colocou USD 100,000,000)",".17,9%","http://www.estadao.com.br/noticias/geral,portugal-telecom-compra-17-9-da-uol,20010222p55781",,,,,,,,,,,,,,,,,,
19/12/2000,Idealyze ,was acquired by,Portugal Telecom,"USD 15,000,000",33%,http://www1.folha.uol.com.br/folha/dinheiro/ult91u11971.shtml,,,,,,,,,,,,,,,,,,
01/12/2000,OfficeNet,raised funds from,GP Investimentos,ND,,,,,,,,,,,,,,,,,,,,
01/06/2000,Salutia,raised funds from,CNN,ND,,http://www.emol.com/noticias/tecnologia/2000/06/15/23702/cnn-en-espanol-anuncia-alianza-estrategica-con-salutia.html,,,,,,,,,,,,,,,,,,
01/06/2000,America Online Latin America,was acquired by,Itaú,ND,12%,http://www1.folha.uol.com.br/fsp/dinheiro/fi1406200024.htm,http://veja.abril.com.br/210600/p_139.html,,,,,,,,,,,,,,,,,
01/06/2000,Globo.com,was acquired by,- Telecom Itália,"USD 865,000,000",,,,,,,,,,,,,,,,,,,,
01/05/2000,Despegar Viajo,raised funds from,GP Investimentos,ND,,,,,,,,,,,,,,,,,,,,
01/05/2000,Patagon,partnership with,UOL,"USD 8,000,000",,http://sobre.uol.com.br/ultnot/novidade/noticias/ult98u31.jhtm,,,,,,,,,,,,,,,,,,
01/04/2000,Lokau,partnership with,UOL,"USD 20,000,000",,http://www1.folha.uol.com.br/fsp/dinheiro/fi1404200017.htm,,,,,,,,,,,,,,,,,,
01/02/2000,Zipmail,was acquired by,- Portugal Telecom,"USD 365,000,000",,http://www1.folha.uol.com.br/fsp/informat/fr2505200536.htm,,,,,,,,,,,,,,,,,,
01/02/2000,GuiaSP e GuiaRJ,was acquired by,- Starmedia,ND,,,,,,,,,,,,,,,,,,,,
01/01/2000,Maxlog,raised funds from,GP Investimentos,ND,,,,,,,,,,,,,,,,,,,,
01/11/1999,Zipmail,raised funds from,Unibanco,"USD 15,000,000",12%,http://exame.abril.com.br/revista-exame/edicoes/758/noticias/de-roupa-nova-m0050631,,,,,,,,,,,,,,,,,,
02/12/1999,iG,raised funds from,GP Investimentos,ND,,,,,,,,,,,,,,,,,,,,
03/12/1999,iBest,raised funds from,GP Investimentos,ND,15%,http://www.telecompaper.com/news/gp-investimentos-acquires-15-of-ibest--197096,,,,,,,,,,,,,,,,,,
01/12/1999,Mercado Eletrônico,raised funds from,GP Investimentos,ND,,http://www.ise.ie/debt_documents/GP%20Investments_23.01.07_6512.pdf?v=402015,,,,,,,,,,,,,,,,,,
01/12/1999,Elefante,was acquired by,GP Investimentos,ND,,http://www.gp.com.br/gp2012/web/arquivos/GP_Prospecto_Definitivo_20080502_eng.pdf,,,,,,,,,,,,,,,,,,
01/11/1999,Nettrade,was acquired by,- Patagon,ND,,,,,,,,,,,,,,,,,,,,
01/10/1999,Buscapé,raised funds from,- Anibal Messa,ND,,,,,,,,,,,,,,,,,,,,
01/09/1999,Lokau,was acquired by,GP Investimentos,ND,,,,,,,,,,,,,,,,,,,,
01/06/1999,ZAZ,was acquired by,Telefônica,"USD 240,000,000",,,,,,,,,,,,,,,,,,,,
01/06/1999,Webmotors,raised funds from,GP Investimentos JP Morgan,ND,,,,,,,,,,,,,,,,,,,,
01/06/1999,Patagon,raised funds from,GP Investimentos,ND,,,,,,,,,,,,,,,,,,,,
01/06/1999,Booknet,was acquired by,GP Investimentos,"USD 5,000,000",,,,,,,,,,,,,,,,,,,,
01/06/1999,MetaMiner,was acquired by,- UOL,ND,,,,,,,,,,,,,,,,,,,,
01/04/1999,Cadê,was acquired by,- Starmedia,"USD 13,000,000",,,,,,,,,,,,,,,,,,,,
01/02/1999,Zeek,was acquired by,- Starmedia,"USD 810,000",,,,,,,,,,,,,,,,,,,,
01/06/1998,Mandic,was acquired by,Impsat,ND,75%,http://www1.folha.uol.com.br/fol/tec/ult010698025.htm,,,,,,,,,,,,,,,,,,
XX/1996,Mandic,was acquired by,GP Investimentos,ND,50%,,,,,,,,,,,,,,,,,,,