Data,Startup,O que,Investidor,Valor,
9/1/2015,Dinheirama,raised funds from,Rico,"BRL 2,000,000",
9/1/2015,ezBill,was acquired by,Asaas,,
9/1/2015,Exact Sales,raised funds from,,"BRL 10,000,000",
7/1/2015,Kickoff,raised funds from,Monashees Capital,"USD 1,600,000",
8/1/2015,Loggi,raised funds from,"Monashees Capital
Dragoneer Investment Group
Qualcomm Ventures","BRL 50,000,000",
7/1/2015,Hotel Urbano,raised funds from,Priceline Group,"USD 60,000,000",
7/1/2015,Resultados Digitais,raised funds from,DGF Investimentos,"BRL 15,000,000",
6/1/2015,Contabilizei Contabilidade Online,raised funds from,Kaszek Ventures,,
6/1/2015,Beleza na Web,raised funds from,,"USD 30,000,000",
6/1/2015,Sieve,was acquired by,B2W,"BRL 130,000,000",
6/1/2015,Visor,raised funds from,Accera,,
6/1/2015,GetNinjas,raised funds from,"Tiger Global Management
Kaszek Ventures
Monashees Capital","BRL 40,000,000",
6/1/2015,Descomplica,raised funds from,Amadeus Capital Partners,"USD 7,000,000",
6/1/2015,Sub100,was acquired by,Zap,,
6/1/2015,Meus Pedidos,raised funds from,"Monashees Capital
Qualcomm Ventures","USD 1,870,000",
6/1/2015,Smartbill RBM,raised funds from,Fundo de Inovação Paulista,,
6/1/2015,TecnoNutri,was acquired by,Minha Vida,,
6/1/2015,Target.IT,merged with,Spadari,,
6/1/2015,Pareto Group,incubated by,StartSe,"BRL 1,000,000",
6/1/2015,Asaas,raised funds from,CVentures Primus,"BRL 2,000,000",
6/1/2015,Nubank,raised funds from,Tiger Global Management,"USD 30,000,000",
6/1/2015,iFood,raised funds from,Movile,"USD 50,000,000",
5/1/2015,Submarino Viagens,was acquired by,CVC,"BRL 80,000,000",
5/1/2015,Logovia,merged with,We Do Logos,,
5/1/2015,EduK,raised funds from,Accel Partners,"USD 10,000,000",
5/1/2015,Geekie,raised funds from,"Gera Venture
Mitsui & Co
Omidyar","USD 7,000,000",
5/1/2015,EduK,raised funds from,Monashees Capital,"USD 10,000,000",
5/1/2015,Edools,raised funds from,500 Startups,,
5/1/2015,Monetar,was acquired by,Geração Futuro,,
4/1/2015,Scup,was acquired by,Sprinklr,BRL,
4/1/2015,OndaLocal,raised funds from,"John Berkowitz
Narbona Hills","USD 1,000,000",
4/1/2015,Mercado Eletrônico,raised funds from,DGF Investimentos,"BRL 30,000,000",
4/1/2015,A Deliveria,was acquired by,iFood,,
4/1/2015,eÓtica,merged with,Lema21,,
4/1/2015,TrabalhoJá,raised funds from,Capital Indigo,"BRL 20,000,000",
4/1/2015,Samba Ads,raised funds from,,"BRL 3,000,000",
4/1/2015,TrabalhoJá,raised funds from,Capital Indigo,"BRL 20,000,000",
4/1/2015,Dress & Go,raised funds from,Kaszek Ventures,,
4/1/2015,Vemm,was acquired by,QuinStreet,,
4/1/2015,Movile,raised funds from,Naspers,"BRL 125,000,000",
4/1/2015,Exxemplo,was acquired by,B2Finance,"BRL 7,000,000",
4/1/2015,Rock Content,raised funds from,,"BRL 6,000,000",
4/1/2015,KPL Soluções,was acquired by,MercadoLibre,"BRL 50,000,000",
4/1/2015,Agendor,raised funds from,HBS Alumni Angels,"BRL 1,200,000",
4/1/2015,Home2Home,raised funds from,Mario Letelier,"BRL 3,000,000",
4/1/2015,Ezlike,was acquired by,Gravity4,,
3/1/2015,ChefsClub,raised funds from,Confrapar,"BRL 3,000,000",
3/1/2015,Netshoes,raised funds from,"Riverwood Capital
IFC","USD 45,000,000",
3/1/2015,Apetitar,was acquired by,iFood,,
3/1/2015,Consulfarma,was acquired by,MV,,
3/1/2015,Vivera,was acquired by,Zenvia,,
3/1/2015,Decolar.com,raised funds from,Expedia,"USD 270,000,000",
3/1/2015,Ventrix,raised funds from,"BRL 5,000,000",,
3/1/2015,Navita,raised funds from,DLM,,
3/1/2015,Startupi,was acquired by,Beats Brasil,,
2/1/2015,w3net,was acquired by,Lugar de Gente,,
2/1/2015,RBM Solutions,raised funds from,Salix Group,"BRL 20,000,000",
2/1/2015,Chegue.lá,was acquired by,ClickBus,,
2/1/2015,Voopter,raised funds from,Global Founders Capital,,
2/1/2015,pinGObox,was acquired by,Cappta,,
2/1/2015,Arquivar,was acquired by,Recall,,
2/1/2015,ContaAzul,raised funds from,"Tiger Global Management
500 Startups
Ribbit Capital
Valar Ventures
Monashees Capital","USD 9,300,000",
2/1/2015,Concil,raised funds from,Fundo de Inovação Paulista,"BRL 1,000,000",
2/1/2015,Agrid,incubated by,Wayra Brasil,"BRL 140,000",
2/1/2015,Conube,raised funds from,Carlos Gamboa,,
2/1/2015,TraktoPRO,raised funds from,João Kepler Braga,,
2/1/2015,Neolog,was acquired by,Totvs,"BRL 15,500,000",
2/1/2015,Ecommet,raised funds from,MercadoLibre,,
2/1/2015,Aquarius,was acquired by,Senior Solution,"BRL 6,500,000",
2/1/2015,Nativoo,raised funds from,Sbtur,,
1/1/2015,eStoks,raised funds from,Performa,"BRL 5,000,000",
2/1/2015,99 Taxis,raised funds from,"Tiger Global Management
Monashees Capital
Qualcomm Ventures",,
1/1/2015,Seekr,raised funds from,CVentures Primus,,
1/1/2015,Sontra,raised funds from,Valor Capital,"BRL 5,000,000",
1/1/2015,GPS Conecta,merged with,Safebus,,
1/1/2015,ZeroPaper,was acquired by,Intuit,,
1/1/2015,Linte,raised funds from,500 Startups,USD,
1/1/2015,Superbank,was acquired by,Banco Santander,,
1/1/2015,Primordia,was acquired by,Vtex,,
1/1/2015,VMotors,was acquired by,Webmotors,,
1/1/2015,Reclamao.com,raised funds from,"Grow Ventures
C2i",,
12/1/2014,Satellogic,raised funds from,Fundo Pitanga,,
12/1/2014,Worldpackers,raised funds from,IndicatorCapital,"BRL 2,000,000",
12/1/2014,Enjoei,raised funds from,,"BRL 18,000,000",
12/1/2014,Medicware,was acquired by,Pixeon,,
12/1/2014,Softpharma,was acquired by,Linx,"BRL 44,000,000",
12/1/2014,Satellogic,raised funds from,NXTP Labs,"USD 350,000",
12/1/2014,NWB,raised funds from,"e.Bricks Digital
Joá Investimentos",,
12/1/2014,Dot Legend,raised funds from,Criatec,"BRL 2,500,000",
12/1/2014,Agrid,incubated by,Startup Chile,"USD 40,000",
11/1/2014,Lighthouse,was acquired by,Datum,,
11/1/2014,Likeeds,raised funds from,NXTP Labs,"USD 25,000",
11/1/2014,aceitaFacil Pagamentos,incubated by,Startup Chile,"USD 40,000",
11/1/2014,Condutor,was acquired by,Riverwood Capital,,
11/1/2014,Elo7,raised funds from,"Insight Venture Partners
Accel Partners
Monashees Capital","USD 11,000,000",
11/1/2014,Alma Shopping,raised funds from,NXTP Labs,"USD 60,000",
11/1/2014,Rock N' Roll Game Studio,raised funds from,NXTP Labs,"USD 25,000",
11/1/2014,Flipaste,raised funds from,NXTP Labs,"USD 25,000",
11/1/2014,OM Latam,raised funds from,NXTP Labs,"USD 25,000",
11/1/2014,Alma Shopping,raised funds from,NXTP Labs,"USD 60,000",
11/1/2014,Viflux,raised funds from,NXTP Labs,"USD 25,000",
11/1/2014,Caronas.com,was acquired by,Tripda,,
11/1/2014,Unicaronas,was acquired by,Tripda,,
11/1/2014,Love Mondays,raised funds from,Kaszek Ventures,,
11/1/2014,Zenvia,raised funds from,BNDES,"BRL 35,500,000",
11/1/2014,BovControl,raised funds from,Redpoint e.ventures,,
11/1/2014,Carreira Beauty,raised funds from,Redpoint e.ventures,,
10/1/2014,Viva Real,raised funds from,"LeadEdge Capital
Spark Capital","USD 41,300,000",
10/1/2014,Giran,was acquired by,Wine,,
10/1/2014,Nofeela,raised funds from,Kees Koolen,,
10/1/2014,Papa Rango,was acquired by,iFood,,
10/1/2014,Alakarte,was acquired by,iFood,,
10/1/2014,Synapsis,was acquired by,Tivit,,
10/1/2014,Profes,raised funds from,Grid Investments,,
10/1/2014,CinePapaya,raised funds from,Movile,"USD 2,000,000",
10/1/2014,3.30E+35,raised funds from,João Kepler Braga,"BRL 300,000",
10/1/2014,Strider,raised funds from,Barn Invest,"BRL 5,000,000",
10/1/2014,Pagar.me,raised funds from,"ArpexCapital
Grid Investments","BRL 1,000,000",
10/1/2014,Maplink,raised funds from,Movile,"BRL 36,000,000",
10/1/2014,Big Sistemas,was acquired by,Linx,"BRL 38,700,000",
10/1/2014,Peixe Urbano,was acquired by,Baidu,"USD 5,000,000",
10/1/2014,Properati,raised funds from,"NXTP Labs
NEVEQ II","USD 2,000,000",
10/1/2014,Printi,was acquired by,Vistaprint,,
10/1/2014,Sythex,was acquired by,Senior Solution,,
10/1/2014,trampos.co,raised funds from,Evolution,,
10/1/2014,Medicinia,raised funds from,Redpoint e.ventures,,
9/1/2014,LBS Local,raised funds from,Movile,"BRL 36,000,000",
9/1/2014,Precifica,raised funds from,Hi Partners,"BRL 3,000,000",
9/1/2014,Entire TP,was acquired by,Interplayers,,
9/1/2014,Nubank,raised funds from,"Kaszek Ventures
Sequoia Capital
Berggruen Holdings","USD 13,800,000",
9/1/2014,TrustSign,was acquired by,SiteBlindado,,
9/1/2014,Loggi,raised funds from,"Monashees Capital
Qualcomm Ventures","BRL 10,000,000",
9/1/2014,TrustSign,was acquired by,SiteBlindado,,
9/1/2014,Empowered Company Strategy,was acquired by,Interplayers,,
9/1/2014,Entrega Delivery,was acquired by,HelloFood Brasil,,
9/1/2014,NZN,raised funds from,H.I.G. Capital,,
9/1/2014,WImoveis,was acquired by,Imovelweb,,
9/1/2014,maxiPago!,was acquired by,Rede,,
8/1/2014,iFood,was acquired by,Movile,,
9/1/2014,Emprego Ligado,raised funds from,"e.Bricks Digital
Monashees Capital
Qualcomm Ventures","USD 7,000,000",
8/1/2014,Workana,raised funds from,"NXTP Labs
DMGT","USD 500,000",
8/1/2014,Nibo,raised funds from,"Redpoint e.ventures
Valor Capital",,
8/1/2014,Itaro,raised funds from,"Astella
Simile Venture Partners
IG Angels
TA Ventures
Variv Capital",,
8/1/2014,ClickBus,raised funds from,"Rocket Internet
Holtzbrinck
LIH
Tengelmann Group","USD 10,000,000",
8/1/2014,99 Motos,was acquired by,incube,"BRL 3,000,000",
8/1/2014,Mailee,was acquired by,Rede Host,,
8/1/2014,Dino,raised funds from,"Silvio Genesini
Antonio de Athayde","BRL 400,000",
8/1/2014,SitePX,raised funds from,Sul! Internet,"BRL 3,000,000",
8/1/2014,00k,raised funds from,MercadoLibre,,
8/1/2014,Movile,raised funds from,"Innova Capital
Finep","USD 55,000,000",
8/1/2014,AirCRM,raised funds from,MercadoLibre,,
8/1/2014,intoo,raised funds from,MercadoLibre,,
8/1/2014,InfoSolution,was acquired by,BRQ,,
8/1/2014,Yoozon,incubated by,Startup Chile,"USD 40,000",
7/1/2014,Navita,raised funds from,Intel Capital,,
7/1/2014,Tipit,was acquired by,Netshow.me,,
7/1/2014,Torcedores.com,raised funds from,"Pedro Navio
Bryan Johnson
Craig Earnshaw",,
7/1/2014,Easy Taxi,raised funds from,"Tengelmann Group
Phenomen Ventures","USD 40,000,000",
7/1/2014,Alog,was acquired by,Equinix,"USD 225,000,000",
7/1/2014,Blumpa,raised funds from,NH Investimentos,,
7/1/2014,Baby.com.br,was acquired by,BebêStore,,
7/1/2014,BTCTrip,raised funds from,NXTP Labs,"USD 150,000",
6/1/2014,Superplayer,raised funds from,"21212
Movile","BRL 1,150,000",
6/1/2014,Wideo,raised funds from,NXTP Labs,"USD 50,000",
6/1/2014,Sythex TMS Embarcardor,was acquired by,MercadoLibre,,http://dealbook.co/deals?page=14
6/1/2014,Netshow.me,raised funds from,"Rodrigo Borges
Antônio Henrique Prado",,
6/1/2014,Tectum,was acquired by,Sankhya,,
6/1/2014,Woowup,raised funds from,NXTP Labs,"USD 25,000",
6/1/2014,Ingresse,raised funds from,"Qualcomm Ventures
e.Bricks Digital
DGF Investimentos","BRL 10,000,000",
6/1/2014,Sascar,was acquired by,Michelin,"USD 602,000,000",
6/1/2014,Piggme,raised funds from,Haya Investimentos,"BRL 3,200,000",
6/1/2014,E2E,raised funds from,A5 Investimentos,"BRL 5,000,000",
6/1/2014,Gestor,was acquired by,Rede Cigam,"BRL 8,000,000",
6/1/2014,INBEP,raised funds from,Altivia Ventures,,
5/1/2014,Evino,raised funds from,,"BRL 7,000,000",
6/1/2014,Unum Tecnologia e Consultoria em Informática,was acquired by,Bematech,"BRL 30,000,000",
6/1/2014,Adtrade,was acquired by,ESV Digital Brasil,,
5/1/2014,Aquiris Game Studio,raised funds from,CRP Companhia de Participações,,
5/1/2014,Zase,incubated by,Abril Plug And Play,"USD 25,000",
5/1/2014,Guiabolso,raised funds from,"Kaszek Ventures
Valor Capital
e.Bricks Digital
Gabriel Jaramillo","USD 3,000,000",
5/1/2014,Virtual Age,was acquired by,Totvs,"BRL 75,000,000",
5/1/2014,Rezende Sistemas,was acquired by,Linx,"BRL 49,900,000",
5/1/2014,Everypost,raised funds from,NXTP Labs,"USD 100,000",
5/1/2014,MaxiHost,was acquired by,Host,,
5/1/2014,SemSenha.com,incubated by,SEED - Startups and Entrepreneurship Ecosystem Development,BRL,
5/1/2014,Intiza,raised funds from,NXTP Labs,"USD 15,000",
5/1/2014,SensorWeb,raised funds from,Fanem,,
5/1/2014,4Good,raised funds from,A5 Investimentos,"BRL 3,500,000",
5/1/2014,Datastorm,raised funds from,Stefanini,,
5/1/2014,iMusica,was acquired by,Claro,"BRL 49,100,000",
5/1/2014,Clicksign,raised funds from,Redpoint e.ventures,,
4/1/2014,Bidu,raised funds from,"Otto Capital
Monashees Capital
Bertelsmann
Amadeus Capital Partners","BRL 20,000,000",
4/1/2014,Mova Mais,raised funds from,T-BDH Capital,USD,
4/1/2014,Emporio Compras,raised funds from,NXTP Labs,"USD 100,000",http://dealbook.co/deals?page=17
4/1/2014,Marerua Ltda,raised funds from,"Eduardo Steiner
Koolen Participations B.V.","USD 532,000",
4/1/2014,The Social Radio,raised funds from,NXTP Labs,"USD 25,000",
4/1/2014,GetNet,was acquired by,Banco Santander,"BRL 1,100,000,000",
4/1/2014,Intelipost,raised funds from,Project-A Ventures,"BRL 800,000",
3/1/2014,Work Image,was acquired by,Tivit,,
3/1/2014,Compreauto,was acquired by,Webmotors,,
3/1/2014,Agrid,incubated by,SEED - Startups and Entrepreneurship Ecosystem Development,"BRL 68,000",
3/1/2014,BebêStore,raised funds from,"W7 Venture Capital
Atomico","BRL 30,000,000",
3/1/2014,OndaLocal,raised funds from,"Rigi Ventures
Bolt Ventures","BRL 1,600,000",
3/1/2014,CTIS,was acquired by,Sonda,"USD 170,000,000",
3/1/2014,Vindi,raised funds from,,"BRL 1,000,000",
3/1/2014,Comprova.com,was acquired by,Docusign,,
2/1/2014,Pethub,raised funds from,Altivia Ventures,"BRL 200,000",
2/1/2014,Union Softwares,was acquired by,Imovelweb,,
2/1/2014,Viva Real,raised funds from,Dragoneer Investment Group,"USD 13,000,000",
2/1/2014,Fligoo,raised funds from,NXTP Labs,"USD 50,000",
2/1/2014,EscolherSeguro,raised funds from,Warehouse Investimentos,"BRL 3,000,000",
2/1/2014,iFood,raised funds from,Movile,"BRL 5,000,000",
2/1/2014,Ideame,raised funds from,NXTP Labs,"USD 25,000",
2/1/2014,Qranio,raised funds from,Gui Afonso,"BRL 600,000",
2/1/2014,Descomplica,raised funds from,"500 Startups
Valor Capital
Valar Ventures
El Area
Social+Capital Partnership
Lee Jacobs","USD 5,000,000",
2/1/2014,Memed,raised funds from,Redpoint e.ventures,,
1/1/2014,Domínio Sistemas,was acquired by,Thomson Reuters,,
1/1/2014,Central do Delivery,was acquired by,iFood,,
1/1/2014,iBillionaire,raised funds from,NXTP Labs,"USD 100,000",
1/1/2014,ComentaTV,was acquired by,Wayin,,
1/1/2014,RJ Consultoria,was acquired by,Bematech,"BRL 16,500,000",
1/1/2014,Aceco TI,was acquired by,KKR,,
12/1/2013,Imóvel do Proprietário,was acquired by,Properati,,
1/1/2014,Nubank,raised funds from,"Kaszek Ventures
Sequoia Capital","USD 2,000,000",
12/1/2013,Widow Games,raised funds from,NXTP Labs,"USD 100,000",
12/1/2013,Mandic,raised funds from,Intel Capital,,
12/1/2013,MSTech,was acquired by,Abril Educação,"BRL 25,000,000",
12/1/2013,Gone!,raised funds from,NXTP Labs,"USD 100,000",
12/1/2013,Forma Fina,raised funds from,NXTP Labs,"USD 100,000",
12/1/2013,ComentaTV,raised funds from,NXTP Labs,"USD 75,000",
12/1/2013,ComentaTV,raised funds from,NXTP Labs,"USD 100,000",
12/1/2013,Eyso,incubated by,Germinadora,,
12/1/2013,RealISO,was acquired by,Daryus,"BRL 5,000,000",
12/1/2013,Blumpa,incubated by,Germinadora,,
12/1/2013,Pagar.me,raised funds from,Grid Investments,,
12/1/2013,Voopter,raised funds from,Global Founders Capital,"USD 1,200,000",
12/1/2013,Asyst International,was acquired by,Algar Telecom,"BRL 103,000,000",
12/1/2013,Voran,was acquired by,Genesys,,
12/1/2013,PSafe,raised funds from,"Redpoint e.ventures
Qihoo 360","USD 30,000,000",
12/1/2013,Ciashop,was acquired by,Totvs,"BRL 16,400,000",
11/1/2013,Wiki4Fit,raised funds from,Opus Software,,
11/1/2013,Pixeon,raised funds from,Riverwood Capital,"BRL 50,000,000",
11/1/2013,Glamit,raised funds from,NXTP Labs,"USD 33,000",
11/1/2013,CargoBR,raised funds from,,,
11/1/2013,WeHostels,was acquired by,Student Universe,,
11/1/2013,aceitaFacil Pagamentos,incubated by,SEED - Startups and Entrepreneurship Ecosystem Development,"BRL 80,000",
11/1/2013,Meu Espelho,was acquired by,Abril Participações,,
11/1/2013,Playground,raised funds from,Grid Investments,"BRL 1,000,000",
11/1/2013,Vivere,was acquired by,Accenture,,
11/1/2013,Loggi,raised funds from,,"BRL 2,000,000",
10/1/2013,Ojala,raised funds from,NXTP Labs,"USD 80,000",
10/1/2013,Easy Taxi,raised funds from,"iMena
Rocket Internet","BRL 15,000,000",
10/1/2013,Resultados Digitais,raised funds from,DGF Investimentos,,
10/1/2013,Shopperception,raised funds from,NXTP Labs,"USD 130,000",
10/1/2013,Afluenta,raised funds from,NXTP Labs,"USD 500,000",
10/1/2013,ContaAzul,raised funds from,"Napkn Ventures
Valar Ventures
Monashees Capital
Ribbit Capital",,
10/1/2013,Ecosynth,raised funds from,Inseed Investimentos,"BRL 3,000,000",
10/1/2013,Izzui,raised funds from,,"BRL 3,000,000",
10/1/2013,Afluenta,raised funds from,NXTP Labs,"USD 30,000",
10/1/2013,CachorroGato,raised funds from,,"BRL 400,000",
10/1/2013,Tutum,raised funds from,NXTP Labs,"USD 25,000",
10/1/2013,Devex Mining,was acquired by,Hexagon,,
10/1/2013,Veduca,raised funds from,"500 Startups
Macmillan Digital Education
Mountain do Brasil","BRL 1,100,000",
9/1/2013,Hotel Urbano,raised funds from,Insight Venture Partners,"USD 20,000,000",
9/1/2013,The Other Guys,raised funds from,NXTP Labs,"USD 25,000",
9/1/2013,Evino,raised funds from,Project-A Ventures,"BRL 3,000,000",
10/1/2013,FormaFina,raised funds from,"500 Startups
El Paso Advisors
IG Angels
Start Capital
Plug and Play
NXTP Labs
Redpoint e.ventures","BRL 3,000,000",
9/1/2013,ViaConvo,raised funds from,,"BRL 800,000",
9/1/2013,BTCTrip,raised funds from,NXTP Labs,"USD 25,000",
9/1/2013,PagCom,raised funds from,,"BRL 2,000,000",
9/1/2013,Dress & Go,raised funds from,A5 Investimentos,"BRL 1,000,000",
9/1/2013,Enjoei,raised funds from,Monashees Capital,"USD 2,970,800",
9/1/2013,Vitrina,raised funds from,Christian Ribeiro,"BRL 1,000,000",
8/1/2013,MegaMenu,was acquired by,HelloFood Brasil,,
9/1/2013,ComparaOnline.com,raised funds from,"Kaszek Ventures
Endeavor Catalyst
Rise Capital
Ribbit Capital","BRL 27,000,000",
8/1/2013,Fligoo,raised funds from,NXTP Labs,"USD 25,000",
8/1/2013,VU Security,raised funds from,NXTP Labs,"USD 25,000",
8/1/2013,Kidbox,raised funds from,NXTP Labs,"USD 500,000",
8/1/2013,ClickBus,raised funds from,"LIH
Rocket Internet","BRL 5,000,000",
8/1/2013,Satellogic,raised funds from,NXTP Labs,"USD 25,000",
8/1/2013,Adtrade,raised funds from,Project-A Ventures,"BRL 1,000,000",
7/1/2013,Opus Software,was acquired by,Linx,"BRL 9,000,000",
7/1/2013,Widow Games,raised funds from,NXTP Labs,"USD 25,000",
7/1/2013,iBillionaire,raised funds from,NXTP Labs,"USD 44,000",
7/1/2013,Everypost,raised funds from,NXTP Labs,"USD 150,000",
7/1/2013,Sontra,raised funds from,"Mola
NXTP Labs
DHL","BRL 700,000",
7/1/2013,Sontra,incubated by,NXTP Labs,"USD 25,000",
7/1/2013,Easy Food,raised funds from,Confrapar,"BRL 2,300,000",
7/1/2013,All In Mail,was acquired by,Locaweb,,
7/1/2013,Oxibiz,was acquired by,Web Invest Group,"BRL 1,200,000",
7/1/2013,Sonoma,raised funds from,500 Startups,"BRL 1,000,000",
7/1/2013,ZeroPaper,raised funds from,Totvs Ventures,,
6/1/2013,Easy Taxi,raised funds from,LIH,"USD 15,000,000",
6/1/2013,Oppten,raised funds from,NXTP Labs,"USD 25,000",
6/1/2013,Emporio Compras,raised funds from,NXTP Labs,"USD 25,000",
5/1/2013,Starline,raised funds from,,"BRL 3,000,000",
6/1/2013,Olook,raised funds from,Monashees Capital,"USD 3,913,231",
5/1/2013,Ilusis Interactive Graphics,raised funds from,Confrapar,,
5/1/2013,Have a Nice Beer,was acquired by,Wine,,
5/1/2013,Juv&You,raised funds from,e.Bricks Digital,,
5/1/2013,Xeriph,was acquired by,Abril Participações,,
5/1/2013,Runrun.it,raised funds from,"500 Startups
Monashees Capital",,
5/1/2013,EduK,raised funds from,Monashees Capital,,
5/1/2013,Rock Content,raised funds from,Abril Participações,,
5/1/2013,Sinimanes,raised funds from,NXTP Labs,"USD 25,000",
5/1/2013,Gone!,raised funds from,NXTP Labs,"USD 25,000",
5/1/2013,The Fun League,raised funds from,NXTP Labs,"USD 25,000",
5/1/2013,WPensar,raised funds from,Vox Capital,,
5/1/2013,Tale Me Stories,raised funds from,NXTP Labs,"USD 25,000",
5/1/2013,b-datum,raised funds from,Haya Investimentos,"BRL 2,800,000",
5/1/2013,Pinion,raised funds from,"Joá Investimentos
Marcelo Loureiro","BRL 1,200,000",
5/1/2013,Nuvem Shop,raised funds from,Trindade Investimentos,"BRL 2,000,000",
5/1/2013,Open English,raised funds from,"Redpoint Ventures
Insight Venture Partners
Technology Crossover Ventures","USD 65,000,000",
4/1/2013,Mobly,raised funds from,Cisneros,"USD 10,000,000",
4/1/2013,TrabalhoJá,raised funds from,Capital Indigo,"USD 5,500,000",
4/1/2013,Netpoints,raised funds from,Grupo Bozano,"BRL 100,000,000",
4/1/2013,Technorides,raised funds from,NXTP Labs,"USD 25,000",
4/1/2013,Sol Soluções Online,was acquired by,Planus,"BRL 3,000,000",
4/1/2013,GuideCentral,raised funds from,NXTP Labs,"USD 33,000",
4/1/2013,Profusion,was acquired by,Intel,,
4/1/2013,Evino,raised funds from,Project-A Ventures,,
4/1/2013,ProveAgora,raised funds from,HFPX Participações,,
4/1/2013,GetNinjas,raised funds from,"Kaszek Ventures
Monashees Capital
Otto Capital","USD 3,000,000",
4/1/2013,MinuTrade,raised funds from,Redpoint e.ventures,,
3/1/2013,I.Systems,raised funds from,Fundo Pitanga,,
3/1/2013,OpenTech,raised funds from,DLM,"BRL 10,000,000",
3/1/2013,Blucarros,was acquired by,RBS,,
4/1/2013,Pitzi,raised funds from,"Kaszek Ventures
João Alceu Amoroso Lima
José Marin
Fabrice Grinda
Thrive Capital
Initial Capital
Flybridge Capital",,
3/1/2013,ZoeMob.com,raised funds from,e.Bricks Digital,,
3/1/2013,Crowd.Mobi,raised funds from,João Kepler Braga,"BRL 300,000",
3/1/2013,Zynk,raised funds from,Zenvia,"BRL 5,000,000",
3/1/2013,Geofusion,raised funds from,Intel Capital,,
3/1/2013,CortaContas,was acquired by,ComparaOnline.com,,
3/1/2013,CellBroker,was acquired by,SolutionTech,"BRL 2,300,000",
3/1/2013,BebêStore,raised funds from,"Atomico
W7 Venture Capital","USD 10,200,000",
3/1/2013,Seller,was acquired by,Linx,"BRL 10,135,000",
3/1/2013,Senior Solution,raised funds from,,"BRL 62,100,000",
3/1/2013,Direção Processamento de Dados,was acquired by,Linx,"BRL 26,485,000",
3/1/2013,WebRadar,raised funds from,Intel Capital,,
3/1/2013,PrizEasy,raised funds from,Brazil Startups,"BRL 80,000",
3/1/2013,Startupi,raised funds from,"Aceleratech
ASA Capital
In Hsieh
Trindade Investimentos
Jacard Investimentos
Mountain do Brasil
Initial Capital
e.Bricks Digital
Cassio Spina
Redpoint e.ventures","USD 300,000",
3/1/2013,Cuponation,raised funds from,Holtzbrinck,"BRL 23,000,000",
2/1/2013,Jánamesa,raised funds from,Otto Capital,"BRL 1,500,000",
2/1/2013,Natue,raised funds from,Project-A Ventures,,
3/1/2013,Rock Content,raised funds from,"Digital News Ventures
e.Bricks Digital
Napkn Ventures","USD 500,000",
3/1/2013,Marerua Ltda,raised funds from,"Peter Fernandez
Jonathan Coon
Rafael Bertani
Levinthal Capital
Galen Hardy
Eduardo Steiner","USD 875,000",
2/1/2013,Samba Ads,raised funds from,"500 Startups
Rhodium
Initial Capital
Florian Otto
e.Bricks Digital","USD 500,000",
2/1/2013,Beercrew,raised funds from,HFPX Participações,,
2/1/2013,itBrain,was acquired by,Compusoftware,,
2/1/2013,Tienda Nube,raised funds from,NXTP Labs,"USD 8,000",
2/1/2013,I.ndigo,merged with,Taqtile,,
2/1/2013,Bolsa de Mulher,was acquired by,Batanga Media,"BRL 45,000,000",
2/1/2013,MeuCarango,was acquired by,Webmotors,,
2/1/2013,Legaljump,raised funds from,NXTP Labs,"USD 25,000",
2/1/2013,Zipcode,was acquired by,TransUnion,,
2/1/2013,EasyAula,raised funds from,Macmillan Digital Education,,
2/1/2013,Remarcados,raised funds from,"Gávea Angels
Lab22",,
2/1/2013,TransportarOnline,raised funds from,"Fundacion Chile
Hans Hickler
Startup Chile",,
2/1/2013,Veduca,raised funds from,Macmillan Digital Education,,
2/1/2013,Linx,raised funds from,,"BRL 527,800,000",
2/1/2013,SaferTaxi,raised funds from,"Draper Associates
Kaszek Ventures
Otto Capital","BRL 6,400,000",
2/1/2013,PetLove (petsupermarket),raised funds from,"Monashees Capital
Tiger Global Management","USD 9,808,256",
2/1/2013,CataMoeda,raised funds from,Fundo SC,,
2/1/2013,ResolveAí,raised funds from,Adriana Cisneros,"BRL 5,000,000",
2/1/2013,iFood,raised funds from,Movile,"BRL 5,500,000",
2/1/2013,Passei Direto,raised funds from,Redpoint e.ventures,,
2/1/2013,Widbook,raised funds from,W7 Brazil Capital,,
1/1/2013,uMov.me,raised funds from,Totvs Ventures,"BRL 3,200,000",
1/1/2013,PC Sistemas,was acquired by,Totvs,"BRL 95,000,000",
1/1/2013,Padtec,raised funds from,"BNDES
Ideiasnet","BRL 167,000,000",
1/1/2013,Mi Carga,raised funds from,NXTP Labs,"USD 25,000",
1/1/2013,Citibuddies,raised funds from,NXTP Labs,"USD 25,000",
1/1/2013,Sinimanes,raised funds from,NXTP Labs,"USD 120,000",
1/1/2013,Vontravel,raised funds from,NXTP Labs,"USD 25,000",
1/1/2013,Dotspin,raised funds from,NXTP Labs,"USD 25,000",
1/1/2013,Wideo,raised funds from,NXTP Labs,"USD 25,000",
1/1/2013,Femeninas,raised funds from,NXTP Labs,"USD 25,000",
1/1/2013,Ojala,raised funds from,NXTP Labs,"USD 25,000",
1/1/2013,Everypost,raised funds from,NXTP Labs,"USD 25,000",
1/1/2013,EscolherSeguro,raised funds from,Warehouse Investimentos,,
1/1/2013,Meia Bandeirada,raised funds from,Plug n' Work,,
1/1/2013,Kekanto,raised funds from,W7 Brazil Capital,,
1/1/2013,ContaAzul,raised funds from,"Monashees Capital
Napkn Ventures
Ribbit Capital",,
12/1/2012,Hand Talk,raised funds from,João Kepler Braga,"BRL 1,000,000",
12/1/2012,Evenka,raised funds from,Harpia Ventures,,
12/1/2012,VitrinePix,raised funds from,"e.Bricks Digital
Astor Group",,
12/1/2012,Murally,raised funds from,NXTP Labs,"USD 123,000",
12/1/2012,Lema21,raised funds from,"Chamath Palihapitiya
Social+Capital Partnership
Ted Maidenberg
Romero Rodrigues
Luis Mario Bilenky","USD 1,600,000",
12/1/2012,Giver,raised funds from,HFPX Participações,,
12/1/2012,Viva Real,raised funds from,"Kaszek Ventures
Monashees Capital
Valiant Capital Partners","BRL 30,000,000",
12/1/2012,Sophie & Juliete,raised funds from,Redpoint e.ventures,,
12/1/2012,Itaro,raised funds from,"Rising Venture
Simile Venture Partners
Unique Partners",$394.00,
12/1/2012,Hotelli,raised funds from,"Polaris Investimentos
Lab22
Garan Ventures
NH Investimentos",$395.00,
12/1/2012,Descomplica,raised funds from,"500 Startups
Valor Capital
Valar Ventures
El Area
Social+Capital Partnership",$396.00,
12/1/2012,Dafiti,raised funds from,"AB Kinnevik
Quadrant Capital Advisors
Summit Partners","BRL 135,000,000",
12/1/2012,Netcom,raised funds from,Confrapar,,
11/1/2012,LottoStars,raised funds from,Tony Perkins,"USD 700,000",
11/1/2012,Imovelweb,raised funds from,Riverwood Capital,"USD 30,000,000",
11/1/2012,Canal do Crédito,raised funds from,GRPCOM,"BRL 30,000,000",
11/1/2012,Go2neXt,raised funds from,KB7,"BRL 3,000,000",
11/1/2012,Zap Saúde,raised funds from,Luis Carlos Freitas,,
11/1/2012,Kidbox,raised funds from,NXTP Labs,"USD 25,000",
11/1/2012,Shopperception,raised funds from,NXTP Labs,"USD 25,000",
11/1/2012,Good People,raised funds from,NXTP Labs,"USD 25,000",
11/1/2012,Emprego Ligado,raised funds from,"500 Startups
Fortify.vc
Initial Capital
Rising Venture",,
11/1/2012,Tuilux,raised funds from,Astella,,
11/1/2012,Eventials,raised funds from,Locaweb,,
11/1/2012,Moblife,raised funds from,Astella,,
11/1/2012,RockBee,incubated by,Wayra Brasil,"USD 50,000",
11/1/2012,Super Lead,raised funds from,Mountain do Brasil,"BRL 1,000,000",
10/1/2012,Cuponomia,raised funds from,500 Startups,,
10/1/2012,Área Central,raised funds from,HFPX Participações,,
10/1/2012,Woopi,was acquired by,Stefanini,,
10/1/2012,Amo Muito,raised funds from,Ideiasnet,,
10/1/2012,Veduca,raised funds from,"500 Startups
Mountain do Brasil","BRL 1,500,000",
10/1/2012,Axado,raised funds from,Fundo SC,,
10/1/2012,OQVestir,raised funds from,Tiger Global Management,,
10/1/2012,Easy Taxi,raised funds from,Rocket Internet,"BRL 10,000,000",
10/1/2012,Qual Canal,incubated by,500 Startups,"USD 50,000",
10/1/2012,Foome,raised funds from,HFPX Participações,,
10/1/2012,BuyOnSocial,raised funds from,DBR.ag,"BRL 600,000",
10/1/2012,Pagpop,raised funds from,Intel Capital,,
10/1/2012,ZeroPaper,raised funds from,21212,,
9/1/2012,NovaProlink,was acquired by,Thomson Reuters,,
9/1/2012,Mala Pronta,was acquired by,TUI Travel,,
9/1/2012,MeCasar,raised funds from,HFPX Participações,,
9/1/2012,NeoAssist,raised funds from,Green Technology,"BRL 7,000,000",
10/1/2012,Oppa,raised funds from,"Kaszek Ventures
Peter Thiel
Thrive Capital
Monashees Capital
Ribbit Capital","USD 10,470,000",
9/1/2012,Cenize,was acquired by,Sage,"BRL 12,900,000",
9/1/2012,EBS,was acquired by,Sage,"BRL 35,000,000",
9/1/2012,Gateshop,raised funds from,NXTP Labs,"USD 25,000",
9/1/2012,Minuto Seguros,raised funds from,Redpoint e.ventures,,
9/1/2012,Woowup,raised funds from,NXTP Labs,"USD 25,000",
9/1/2012,Poolami,raised funds from,NXTP Labs,"USD 25,000",
9/1/2012,Last Room,raised funds from,NXTP Labs,"USD 25,000",
9/1/2012,Attender,raised funds from,NXTP Labs,"USD 25,000",
9/1/2012,Red Innova,raised funds from,NXTP Labs,"USD 25,000",
9/1/2012,Citaldoc,raised funds from,NXTP Labs,"USD 25,000",
9/1/2012,Logan,raised funds from,NXTP Labs,"USD 25,000",
9/1/2012,Flare 3D,raised funds from,NXTP Labs,"USD 25,000",
9/1/2012,GuideCentral,raised funds from,NXTP Labs,"USD 25,000",
9/1/2012,Alma Shopping,raised funds from,NXTP Labs,"USD 25,000",
9/1/2012,Twyxt,raised funds from,NXTP Labs,"USD 25,000",
9/1/2012,Populy Games,raised funds from,NXTP Labs,"USD 25,000",
9/1/2012,Shopcliq,was acquired by,Buscapé,,
9/1/2012,Peela,raised funds from,Trindade Investimentos,,
9/1/2012,Pixeon,merged with,Medical Systems,,
9/1/2012,Pixeon,raised funds from,Intel Capital,,
8/1/2012,Lets,raised funds from,RBS,,
8/1/2012,Movere,was acquired by,Idea.me,,
8/1/2012,Dafiti,raised funds from,JPMorgan Asset Management,"BRL 90,000,000",
8/1/2012,Runrun.it,raised funds from,"Antonio Carlos Soares
Patrick Lisbona",,
8/1/2012,Vostu,raised funds from,"General Catalyst
Intel Capital
Tiger Global Management",,
8/1/2012,Listus,raised funds from,"Devise
Polaris Investimentos",,
8/1/2012,Locamob,raised funds from,"Christian Gessner
Stefan Schimenes",,
8/1/2012,Elike,raised funds from,Intel Capital,,
8/1/2012,Realtime,raised funds from,BRZTech Holding,"USD 100,000,000",
8/1/2012,Appies,raised funds from,Trindade Investimentos,,
7/1/2012,Dabee,raised funds from,Monashees Capital,,
7/1/2012,VestesBR,raised funds from,Diether Werninghaus,"BRL 5,000,000",
8/1/2012,eÓtica,raised funds from,"Kai Schoppen
Kaszek Ventures",,
7/1/2012,Bixti,was acquired by,Elo7,,
7/1/2012,Profite,was acquired by,CookieWeb,"BRL 3,200,000",
8/1/2012,Printi,raised funds from,"Kai Schoppen
Greekoaks Capital
Joe Lonsdale
Peter Fernandez
Fabrice Grinda
Florian Otto","BRL 2,500,000",
7/1/2012,Oktagon Games,raised funds from,Confrapar,"BRL 2,000,000",
7/1/2012,MadeiraMadeira,raised funds from,"Kaszek Ventures
Flybridge Capital
Niraj Shah
Christian Friedland
Monashees Capital",,
7/1/2012,Guiato,raised funds from,"A5 Investimentos
Flavio Jansen",,
7/1/2012,Properati,incubated by,NXTP Labs,"USD 25,000",
7/1/2012,Bixti,incubated by,NXTP Labs,"USD 25,000",
7/1/2012,Idea.me,incubated by,NXTP Labs,"USD 25,000",
7/1/2012,FormaFina,incubated by,NXTP Labs,"USD 125,000",
6/1/2012,Donde Voy,raised funds from,,"BRL 100,000",
6/1/2012,Folhamatic,was acquired by,Sage,"BRL 398,000,000",
6/1/2012,Pixowl,raised funds from,NXTP Labs,"USD 25,000",
6/1/2012,Juv&You,raised funds from,"Florian Otto
Kai Schoppen
ru-Net",,
6/1/2012,Netshoes,raised funds from,Temasek Holdings,"BRL 135,000,000",
6/1/2012,Unipay,raised funds from,500 Startups,,
6/1/2012,Baby.com.br,raised funds from,"Tiger Global Management
Menlo Ventures
Valor Capital
Accel Partners","USD 16,000,000",
6/1/2012,Consulta Remédios,was acquired by,Grupo Codal,,
6/1/2012,Flores Online,raised funds from,"BR Opportunities
1800-flowers",,
5/1/2012,Murally,raised funds from,NXTP Labs,"USD 25,000",
5/1/2012,HelpSaude,raised funds from,Kaszek Ventures,,
5/1/2012,emotion.me,raised funds from,Harpia Ventures,"USD 250,000",
4/1/2012,Whapp,merged with,Imaginareality,,
4/1/2012,Minha Vida,raised funds from,"Intel Capital
Catalyst",,
4/1/2012,Softcorp,was acquired by,Techresult,"BRL 15,000,000",
4/1/2012,Ceviu,was acquired by,CareerBuilder,,
4/1/2012,Vtex,raised funds from,Naspers,,
3/1/2012,Forma Fina,raised funds from,NXTP Labs,"USD 25,000",
3/1/2012,YepDoc,raised funds from,Rocket Internet,,
3/1/2012,Sophie & Juliete,raised funds from,"Redpoint e.ventures
IG Expansion",,
3/1/2012,21 diamonds,raised funds from,Rocket Internet,,
3/1/2012,Zocprint,raised funds from,Rocket Internet,,
3/1/2012,Mandic,raised funds from,Riverwood Capital,"USD 100,000,000",
3/1/2012,O Entregador,was acquired by,Peixe Urbano,,
3/1/2012,Groupalia,was acquired by,Peixe Urbano,,
3/1/2012,Wabbers,raised funds from,IVP,,
3/1/2012,Elo7,raised funds from,Insight Venture Partners,,
3/1/2012,Fisgo,raised funds from,Confrapar,"BRL 2,000,000",
3/1/2012,Ningo,raised funds from,Cassio Spina,,
3/1/2012,Evobooks,raised funds from,Plataforma Capital,,
2/1/2012,iBillionaire,raised funds from,NXTP Labs,"USD 25,000",
2/1/2012,Ring Captcha,raised funds from,NXTP Labs,"USD 25,000",
2/1/2012,Coquelux,raised funds from,Intel Capital,,
2/1/2012,BebêStore,raised funds from,Atomico,"USD 2,000,000",
2/1/2012,Cidade Internet,was acquired by,Populis,,
2/1/2012,Starline,raised funds from,Confrapar,,
2/1/2012,Pixeon,raised funds from,Intel Capital,,
2/1/2012,Zuppa,was acquired by,Peixe Urbano,,
2/1/2012,Fashion.me,raised funds from,Intel Capital,,
1/1/2012,Kwan,raised funds from,NXTP Labs,"USD 25,000",
2/1/2012,MT Performance,raised funds from,"BDMI
eVentures",,
2/1/2012,Restorando,raised funds from,"Kaszek Ventures
Atomico
Emergence Capital
Storm Ventures","USD 3,000,000",
2/1/2012,Viva Real,raised funds from,"Greg Waldorf
Simon Baker
Shaun Di Gregorio
Wences Casares
Micky Malka
Ariel Poler
Gordon Rubenstein
500 Startups
Jeff Fluhr
Errol Damelin
Florian Otto
Monashees Capital
Kaszek Ventures",,
1/1/2012,Groovinads,raised funds from,NXTP Labs,"USD 25,000",
1/1/2012,Glamit,raised funds from,NXTP Labs,"USD 25,000",
1/1/2012,Loogares,raised funds from,NXTP Labs,"USD 25,000",
1/1/2012,LookUp,raised funds from,NXTP Labs,"USD 25,000",
1/1/2012,T-Art,raised funds from,NXTP Labs,"USD 25,000",
1/1/2012,Urbita,raised funds from,NXTP Labs,"USD 25,000",
1/1/2012,The Fan Machine,raised funds from,NXTP Labs,"USD 25,000",
1/1/2012,Connectparts,raised funds from,Atomico,"USD 7,000,000",
1/1/2012,Hipxik,shut down,,,
1/1/2012,Aorta,was acquired by,Grupo.Mobi,,
1/1/2012,Resolva.me,was acquired by,Buscapé,,
1/1/2012,Ideiasnet,raised funds from,Liberty Media,,
1/1/2012,Peixe Urbano,raised funds from,"General Atlantic
Tiger Global Management
Morgan Stanley
T. Rowe Price Associates",,
12/1/2011,Saútil,raised funds from,"Village Capital
Vox Capital","BRL 100,000",
12/1/2011,Banco Pérola,raised funds from,"Village Capital
Vox Capital","BRL 100,000",
12/1/2011,Apontador,raised funds from,LBS Local,"BRL 10,000,000",
12/1/2011,QMágico,raised funds from,"Village Capital
Vox Capital","BRL 100,000",
12/1/2011,Predicta,raised funds from,RBS,,
12/1/2011,Myreks,raised funds from,Fundo SC,,
12/1/2011,Yupi Studios,raised funds from,Tapjoy,,
11/1/2011,Jampp,raised funds from,NXTP Labs,"USD 25,000",
11/1/2011,Checkout10,incubated by,Startup Chile,"USD 40,000",
11/1/2011,Yupi Studios,incubated by,Startup Chile,"USD 40,000",
11/1/2011,Kekanto,raised funds from,"Accel Partners
Kaszek Ventures",,
11/1/2011,Grubster,raised funds from,Plataforma Capital,,
11/1/2011,GetNinjas,raised funds from,Kaszek Ventures,,
11/1/2011,Pinspire,raised funds from,Rocket Internet,,
11/1/2011,GPNX,incubated by,Startup Chile,"USD 40,000",
11/1/2011,Baby.com.br,raised funds from,"Angélica
Luciano Huck",,
11/1/2011,Bússola do Investidor,incubated by,Startup Chile,"USD 40,000",
11/1/2011,DeskMetrics,incubated by,Startup Chile,"USD 40,000",
10/1/2011,Ideias.me,raised funds from,,,
11/1/2011,CromoUp,raised funds from,Confrapar,,
10/1/2011,Bolsa de Mulher,merged with,E-media,,
10/1/2011,Mercado.etc,raised funds from,A5 Investimentos,,
10/1/2011,Oppa,raised funds from,"Kaszek Ventures
Fernanda Feitosa
Thrive Capital
Monashees Capital",,
10/1/2011,Elo7,raised funds from,"Accel Partners
Monashees Capital",,
9/1/2011,Livebuzz,raised funds from,Dinamize,BRL,
9/1/2011,Shoplins,raised funds from,NXTP Labs,"USD 25,000",
9/1/2011,ComentaTV,raised funds from,NXTP Labs,"USD 25,000",
9/1/2011,YoQueVos,raised funds from,NXTP Labs,"USD 25,000",
9/1/2011,FactoryAR,raised funds from,NXTP Labs,"USD 25,000",
9/1/2011,WeHostels,raised funds from,NXTP Labs,"USD 25,000",
9/1/2011,Tienda Nube,raised funds from,NXTP Labs,"USD 25,000",
9/1/2011,Oony,raised funds from,NXTP Labs,"USD 25,000",
9/1/2011,Ideame,raised funds from,NXTP Labs,"USD 25,000",
9/1/2011,Intiza,raised funds from,NXTP Labs,"USD 25,000",
9/1/2011,Afluenta,raised funds from,NXTP Labs,"USD 25,000",
9/1/2011,Trendsetter,raised funds from,NXTP Labs,"USD 25,000",
9/1/2011,The Social Radio,raised funds from,NXTP Labs,"USD 25,000",
9/1/2011,Brandship,incubated by,21212,"BRL 20,000",
9/1/2011,Craques.com,incubated by,21212,"BRL 20,000",
9/1/2011,Helpin,incubated by,21212,"BRL 20,000",
9/1/2011,Igluu,incubated by,21212,"BRL 20,000",
9/1/2011,iTrip,incubated by,21212,"BRL 20,000",
9/1/2011,Pagpop,incubated by,21212,"BRL 20,000",
9/1/2011,ResolveAí,incubated by,21212,"BRL 20,000",
9/1/2011,Simpply,incubated by,21212,"BRL 20,000",
9/1/2011,Olook,raised funds from,Monashees Capital,,
9/1/2011,SaferTaxi,raised funds from,"Kaszek Ventures
Draper Associates","USD 1,000,000",
9/1/2011,Ainda Tem,incubated by,21212,"BRL 20,000",
9/1/2011,GetNinjas,raised funds from,Monashees Capital,,
9/1/2011,RestauranteWeb,was acquired by,Just-Eat,,
9/1/2011,Bloompa,incubated by,21212,"BRL 20,000",
9/1/2011,Videolog,was acquired by,SambaTech,,
8/1/2011,Kanui,incubated by,Rocket Internet,,
8/1/2011,Airu,incubated by,Rocket Internet,,
8/1/2011,Dualtec,raised funds from,Astella,,
8/1/2011,Anuncie.la,raised funds from,Buscapé,"BRL 300,000",
8/1/2011,Hotmart,raised funds from,Buscapé,"BRL 300,000",
8/1/2011,MeuCarrinho,raised funds from,Buscapé,"BRL 300,000",
8/1/2011,Urbanizo,raised funds from,Buscapé,"BRL 300,000",
8/1/2011,Axado,raised funds from,Jacard Investimentos,,
8/1/2011,iFood,raised funds from,Warehouse Investimentos,"BRL 3,000,000",
8/1/2011,Tricae,incubated by,Rocket Internet,,
8/1/2011,Mobly,incubated by,Rocket Internet,,
7/1/2011,Virid,was acquired by,Experian,,
7/1/2011,Omnilogic,raised funds from,Naspers,,
7/1/2011,ViajaNet,raised funds from,"Redpoint e.ventures
General Catalyst","USD 19,000,000",
6/1/2011,Folhamatic,raised funds from,Insight Venture Partners,,
6/1/2011,Ikeda,was acquired by,Rakuten,,
7/1/2011,Grupo Xangô,raised funds from,"Redpoint e.ventures
eVentures
Index Ventures eHighland Capital","USD 6,000,000",
6/1/2011,Zuggi,incubated by,Startup Chile,"USD 40,000",
6/1/2011,Dafiti,raised funds from,"Rocket Internet
Holtzbrinck","BRL 35,000,000",
6/1/2011,Novelo,incubated by,Startup Chile,"USD 40,000",
6/1/2011,JobConvo,incubated by,Startup Chile,"USD 40,000",
6/1/2011,CapsDOC,incubated by,Startup Chile,"USD 40,000",
6/1/2011,Glossybox,raised funds from,"Rocket Internet
Holtzbrinck",,
6/1/2011,Regrupe,merged with,ApontaOfertas,,
6/1/2011,Kekanto,raised funds from,"Florian Otto
Vinicius Marchini",,
6/1/2011,Compare123,raised funds from,Internet24,,
6/1/2011,Peixe Urbano,raised funds from,"General Atlantic
Tiger Global Management",,
5/1/2011,BoaCompra,was acquired by,UOL,,
5/1/2011,Hi-Midia,was acquired by,RBS,,
5/1/2011,O2 Games,raised funds from,Bossa Nova,,
5/1/2011,"Best, Cool & Fun Games",raised funds from,"Madrone
Daniel Gutenberg
ArpexCapital",,
5/1/2011,Braspag,was acquired by,Cielo,"BRL 40,000,000",
5/1/2011,SiteBlindado,raised funds from,ArpexCapital,,
5/1/2011,Clickon,was acquired by,Globo Mosaico,,
4/1/2011,HelpSaude,raised funds from,Astella,,
4/1/2011,Power.com,shut down,,,
4/1/2011,Hotel Urbano,raised funds from,Insight Venture Partners,,
4/1/2011,ZoeMob.com,raised funds from,Cassio Spina,,
4/1/2011,Meritia,raised funds from,Aorta,,
3/1/2011,Kabum,raised funds from,Insight Venture Partners,,
3/1/2011,OQVestir,raised funds from,"Kaszek Ventures
Tiger Global Management",,
2/1/2011,Tutudo,raised funds from,Bossa Nova,,
2/1/2011,Navegg,was acquired by,Buscapé,,
1/1/2011,Netcom,raised funds from,Confrapar,,
1/1/2011,Peixe Urbano,raised funds from,Benchmark Capital,,
1/1/2011,tryoop,raised funds from,Astella,,
1/1/2011,Mobjoy,raised funds from,Monashees Capital,,
1/1/2011,Amanaie,shut down,,,
1/1/2011,Beleza na Web,raised funds from,"Tiger Global Management
Kaszek Ventures",,
12/1/2010,NetMovies,was acquired by,Tiger Global Management,"USD 7,000,000",
1/1/2011,Baby.com.br,raised funds from,"Tiger Global Management
SV Angel
Chamath Palihapitiya
Felicis Ventures
Monashees Capital","USD 4,000,000",
12/1/2010,Media Factory,was acquired by,LeadMedia,"BRL 9,000,000",
12/1/2010,Diveo,was acquired by,UOL,"BRL 693,000,000",
11/1/2010,Netshoes,raised funds from,Tiger Global Management,,
1/1/2011,PetLove (petsupermarket),raised funds from,"Tiger Global Management
Kaszek Ventures
Monashees Capital",,
11/1/2010,boo-box,raised funds from,Intel Capital,USD,
11/1/2010,Vostu,raised funds from,"Accel Partners
Tiger Global Management","USD 30,000,000",
11/1/2010,Coquelux,raised funds from,Intel Capital,,
10/1/2010,Sieve,raised funds from,ArpexCapital,,
10/1/2010,DeskMetrics,raised funds from,,"USD 200,000",
10/1/2010,Privalia,raised funds from,"General Atlantic
Index Ventures eHighland Capital","USD 95,000,000",
9/1/2010,Saveme,was acquired by,Buscapé,,
9/1/2010,Locaweb,raised funds from,SilverLake,,
8/1/2010,EzLearn,raised funds from,Galícia Investimentos,,
8/1/2010,Mentez,raised funds from,Insight Venture Partners,,
8/1/2010,EBehavior,raised funds from,Buscapé,,
7/1/2010,Chaordic,raised funds from,DLM,,
7/1/2010,Canal do Crédito,raised funds from,Confrapar,,
6/1/2010,Vostu,raised funds from,"General Catalyst
Intel Capital","USD 12,000,000",
6/1/2010,Descomplica,raised funds from,Gávea Angels,,
5/1/2010,Brandsclub,raised funds from,Naspers,"USD 17,000,000",
5/1/2010,ePrimeCare,raised funds from,Confrapar,,
3/1/2010,Peixe Urbano,raised funds from,Monashees Capital,,
5/1/2010,Clickon,raised funds from,"Klaus Hommels
Oliver Jung
A5 Investimentos","USD 17,000,000",
3/1/2010,Alugue Temporada,was acquired by,HomeAway,,
1/1/2010,Navegg,raised funds from,Astella,,
12/1/2009,softaware.emp.br,raised funds from,Programa PRIME,"BRL 120,000",
12/1/2009,Vostu,raised funds from,Intel Capital,"USD 2,590,000",
10/1/2009,Insite,was acquired by,UOL,,
9/1/2009,MoIP,raised funds from,IDNT,,
9/1/2009,Buscapé,was acquired by,Naspers,"USD 342,000,000",
7/1/2009,Scup,raised funds from,Plataforma Capital,,
6/1/2009,Hotwords,was acquired by,CanalMail,,
5/1/2009,BoldCron,was acquired by,UOL,,
3/1/2009,Amanaie,raised funds from,Michael Nicklas,,
3/1/2009,DHC,was acquired by,UOL,,
1/1/2009,Bookess,raised funds from,Floripa Angels,,
1/1/2009,CorpoPerfeito,raised funds from,Endurance,,
1/1/2009,SambaTech,raised funds from,"DFJ
FIR Capital","USD 3,000,000",
12/1/2008,TrueTech,raised funds from,Intel Capital,,
12/1/2008,Compra3,raised funds from,"Michael Nicklas
Carlos Nissel
Daniel Tinoco","USD 1,000,000",
11/1/2008,Sack's,raised funds from,Albatroz Participações,"BRL 16,000,000",
11/1/2008,WebCo,was acquired by,Abril Digital,,
11/1/2008,Guiadasemana,was acquired by,RBS,,
11/1/2008,ObaOba,was acquired by,RBS,,
11/1/2008,pontomobi,was acquired by,RBS,,
9/1/2008,WebCo,raised funds from,Naspers,,
9/1/2008,ComperaNTime,was acquired by,Naspers,,
6/1/2008,Vostu,raised funds from,Intel Capital,"USD 1,300,000",
2/1/2008,Power.com,raised funds from,Draper Fisher Jurvetson,,
2/1/2008,Digiweb,was acquired by,UOL,,
8/1/2008,Spring Wireless,raised funds from,"NEA
Goldman Sachs
IDNT","USD 56,000,000",
1/1/2008,BlogBlogs,was acquired by,"Abril Digital
Naspers",,
9/1/2007,Ikwa,raised funds from,Monashees Capital,,
7/1/2007,boo-box,raised funds from,Monashees Capital,"USD 300,000",
7/1/2007,BrPay,was acquired by,UOL,,
6/1/2007,Zura,raised funds from,IDNT,,
3/1/2007,Via6,raised funds from,Confrapar,"USD 500,000",
2/1/2006,BondFaro,raised funds from,Buscapé,,
7/1/2005,Akwan,was acquired by,Google,,
5/1/2004,IG,was acquired by,Brasil Telecom,"USD 100,000,000",
8/1/2002,Ibest,was acquired by,Brasil Telecom,"BRL 50,000,000",
2/1/2002,Webmotors,was acquired by,Banco Real,,
1/1/2002,Cadê,was acquired by,Yahoo,,
12/1/2001,Mlab,was acquired by,Cemex,"USD 36,000,000",
11/1/2001,Lokau,was acquired by,Brasil Telecom,,
7/1/2001,hpG,was acquired by,IG,,
6/1/2000,DirectTalk,raised funds from,Plataforma Capital,,
6/1/2000,Globo.com,raised funds from,Telecom Itália,"USD 865,000,000",
2/1/2000,Zipmail,was acquired by,Portugal Telecom,"USD 365,000,000",
2/1/2000,GuiaSP e GuiaRJ,was acquired by,Starmedia,,
11/1/1999,Nettrade,was acquired by,Patagon,,
10/1/1999,Buscapé,raised funds from,Anibal Messa,,
10/1/1999,Buscapé,raised funds from,Plataforma Capital,,
6/1/1999,ZAZ,was acquired by,Portugal Telecom,"USD 240,000,000",
6/1/1999,Miner,was acquired by,UOL,,
6/1/1999,Booknet,was acquired by,GP Investimentos,"USD 5,000,000",
4/1/1999,Cadê,was acquired by,Starmedia,"USD 13,000,000",
2/1/1999,Zeek!,was acquired by,Starmedia,"USD 810,000",